order_id,customer_id,order_status,order_purchase_timestamp,order_delivered_customer_date,order_estimated_delivery_date
ord_0,cust_406,delivered,2023-11-24,2023-11-26,2023-12-04
ord_1,cust_618,delivered,2023-05-07,2023-05-13,2023-05-17
ord_2,cust_335,delivered,2023-04-16,2023-04-20,2023-04-26
ord_3,cust_116,delivered,2023-04-02,2023-04-07,2023-04-12
ord_4,cust_123,delivered,2023-10-14,2023-10-17,2023-10-24
ord_5,cust_398,delivered,2023-02-20,2023-03-02,2023-03-02
ord_6,cust_792,delivered,2023-01-29,2023-02-02,2023-02-08
ord_7,cust_714,delivered,2023-10-23,2023-10-26,2023-11-02
ord_8,cust_50,delivered,2023-10-24,2023-11-04,2023-11-03
ord_9,cust_782,delivered,2023-08-02,2023-08-14,2023-08-12
ord_10,cust_323,delivered,2023-09-24,2023-10-04,2023-10-04
ord_11,cust_788,delivered,2023-09-14,2023-09-22,2023-09-24
ord_12,cust_140,delivered,2023-10-29,2023-11-05,2023-11-08
ord_13,cust_469,delivered,2023-04-11,2023-04-13,2023-04-21
ord_14,cust_786,delivered,2023-12-12,2023-12-18,2023-12-22
ord_15,cust_333,delivered,2023-04-20,2023-05-03,2023-04-30
ord_16,cust_372,delivered,2023-07-01,2023-07-13,2023-07-11
ord_17,cust_563,delivered,2023-11-09,2023-11-21,2023-11-19
ord_18,cust_493,delivered,2023-01-01,2023-01-05,2023-01-11
ord_19,cust_538,delivered,2023-11-15,2023-11-17,2023-11-25
ord_20,cust_668,delivered,2023-02-24,2023-03-01,2023-03-06
ord_21,cust_750,delivered,2023-05-29,2023-06-12,2023-06-08
ord_22,cust_155,delivered,2023-11-05,2023-11-08,2023-11-15
ord_23,cust_290,delivered,2023-05-17,2023-05-20,2023-05-27
ord_24,cust_647,delivered,2023-07-21,2023-07-25,2023-07-31
ord_25,cust_143,delivered,2023-11-09,2023-11-18,2023-11-19
ord_26,cust_105,delivered,2023-04-27,2023-05-06,2023-05-07
ord_27,cust_419,delivered,2023-06-03,2023-06-16,2023-06-13
ord_28,cust_669,delivered,2023-10-18,2023-10-26,2023-10-28
ord_29,cust_657,delivered,2023-03-04,2023-03-11,2023-03-14
ord_30,cust_1,delivered,2023-09-01,2023-09-11,2023-09-11
ord_31,cust_588,delivered,2023-01-25,2023-01-30,2023-02-04
ord_32,cust_643,delivered,2023-03-31,2023-04-13,2023-04-10
ord_33,cust_89,delivered,2023-03-16,2023-03-18,2023-03-26
ord_34,cust_344,delivered,2023-10-21,2023-10-30,2023-10-31
ord_35,cust_349,delivered,2023-07-29,2023-08-06,2023-08-08
ord_36,cust_458,delivered,2023-12-13,2023-12-21,2023-12-23
ord_37,cust_262,delivered,2023-01-17,2023-01-21,2023-01-27
ord_38,cust_350,delivered,2023-05-08,2023-05-13,2023-05-18
ord_39,cust_107,delivered,2023-12-30,2024-01-10,2024-01-09
ord_40,cust_585,delivered,2023-09-08,2023-09-18,2023-09-18
ord_41,cust_38,delivered,2023-06-28,2023-07-05,2023-07-08
ord_42,cust_158,delivered,2023-07-01,2023-07-07,2023-07-11
ord_43,cust_582,delivered,2023-06-01,2023-06-05,2023-06-11
ord_44,cust_311,delivered,2023-01-25,2023-02-04,2023-02-04
ord_45,cust_240,delivered,2023-06-29,2023-07-05,2023-07-09
ord_46,cust_444,delivered,2023-07-17,2023-07-23,2023-07-27
ord_47,cust_297,delivered,2023-12-10,2023-12-15,2023-12-20
ord_48,cust_35,delivered,2023-06-10,2023-06-15,2023-06-20
ord_49,cust_83,delivered,2023-06-26,2023-07-09,2023-07-06
ord_50,cust_451,delivered,2023-10-12,2023-10-14,2023-10-22
ord_51,cust_774,delivered,2023-03-04,2023-03-12,2023-03-14
ord_52,cust_384,delivered,2023-05-30,2023-06-09,2023-06-09
ord_53,cust_171,delivered,2023-06-03,2023-06-07,2023-06-13
ord_54,cust_375,delivered,2023-06-05,2023-06-18,2023-06-15
ord_55,cust_684,delivered,2023-02-18,2023-03-04,2023-02-28
ord_56,cust_361,delivered,2023-12-03,2023-12-06,2023-12-13
ord_57,cust_558,delivered,2023-03-25,2023-03-29,2023-04-04
ord_58,cust_140,delivered,2023-12-27,2023-12-29,2024-01-06
ord_59,cust_117,delivered,2023-06-26,2023-07-03,2023-07-06
ord_60,cust_276,delivered,2023-05-28,2023-06-09,2023-06-07
ord_61,cust_725,delivered,2023-04-28,2023-05-10,2023-05-08
ord_62,cust_219,delivered,2023-12-08,2023-12-16,2023-12-18
ord_63,cust_25,delivered,2023-03-04,2023-03-16,2023-03-14
ord_64,cust_520,delivered,2023-07-08,2023-07-20,2023-07-18
ord_65,cust_782,delivered,2023-12-26,2023-12-29,2024-01-05
ord_66,cust_9,delivered,2023-02-18,2023-02-27,2023-02-28
ord_67,cust_377,delivered,2023-11-23,2023-11-30,2023-12-03
ord_68,cust_632,delivered,2023-09-14,2023-09-19,2023-09-24
ord_69,cust_636,delivered,2023-08-12,2023-08-18,2023-08-22
ord_70,cust_681,delivered,2023-05-21,2023-05-30,2023-05-31
ord_71,cust_583,delivered,2023-08-03,2023-08-07,2023-08-13
ord_72,cust_151,delivered,2023-07-30,2023-08-03,2023-08-09
ord_73,cust_719,delivered,2023-11-14,2023-11-26,2023-11-24
ord_74,cust_48,delivered,2023-02-01,2023-02-06,2023-02-11
ord_75,cust_153,delivered,2023-06-07,2023-06-09,2023-06-17
ord_76,cust_292,delivered,2023-10-12,2023-10-22,2023-10-22
ord_77,cust_579,delivered,2023-11-01,2023-11-10,2023-11-11
ord_78,cust_49,delivered,2023-10-13,2023-10-22,2023-10-23
ord_79,cust_663,delivered,2023-05-24,2023-06-04,2023-06-03
ord_80,cust_530,delivered,2023-01-19,2023-01-26,2023-01-29
ord_81,cust_611,delivered,2023-01-18,2023-01-26,2023-01-28
ord_82,cust_59,delivered,2023-09-14,2023-09-21,2023-09-24
ord_83,cust_166,delivered,2023-03-19,2023-03-29,2023-03-29
ord_84,cust_201,delivered,2023-06-24,2023-06-28,2023-07-04
ord_85,cust_145,delivered,2023-07-13,2023-07-17,2023-07-23
ord_86,cust_675,delivered,2023-04-23,2023-04-27,2023-05-03
ord_87,cust_438,delivered,2023-04-24,2023-05-05,2023-05-04
ord_88,cust_241,delivered,2023-08-10,2023-08-14,2023-08-20
ord_89,cust_580,delivered,2023-06-15,2023-06-25,2023-06-25
ord_90,cust_686,delivered,2023-11-15,2023-11-28,2023-11-25
ord_91,cust_560,delivered,2023-05-12,2023-05-17,2023-05-22
ord_92,cust_482,delivered,2023-09-21,2023-10-05,2023-10-01
ord_93,cust_107,delivered,2023-02-24,2023-03-04,2023-03-06
ord_94,cust_225,delivered,2023-12-25,2024-01-04,2024-01-04
ord_95,cust_672,delivered,2023-05-11,2023-05-23,2023-05-21
ord_96,cust_630,delivered,2023-10-15,2023-10-28,2023-10-25
ord_97,cust_660,delivered,2023-09-23,2023-10-01,2023-10-03
ord_98,cust_661,delivered,2023-06-11,2023-06-21,2023-06-21
ord_99,cust_431,delivered,2023-03-28,2023-04-10,2023-04-07
ord_100,cust_654,delivered,2023-02-24,2023-02-28,2023-03-06
ord_101,cust_418,delivered,2023-10-15,2023-10-20,2023-10-25
ord_102,cust_454,delivered,2023-06-27,2023-07-06,2023-07-07
ord_103,cust_159,delivered,2023-12-15,2023-12-22,2023-12-25
ord_104,cust_522,delivered,2023-01-08,2023-01-14,2023-01-18
ord_105,cust_649,delivered,2023-11-17,2023-12-01,2023-11-27
ord_106,cust_589,delivered,2023-11-09,2023-11-14,2023-11-19
ord_107,cust_76,delivered,2023-09-04,2023-09-13,2023-09-14
ord_108,cust_508,delivered,2023-11-19,2023-11-21,2023-11-29
ord_109,cust_440,delivered,2023-09-12,2023-09-22,2023-09-22
ord_110,cust_253,delivered,2023-11-24,2023-11-26,2023-12-04
ord_111,cust_769,delivered,2023-02-23,2023-03-04,2023-03-05
ord_112,cust_319,delivered,2023-09-06,2023-09-11,2023-09-16
ord_113,cust_262,delivered,2023-08-27,2023-09-06,2023-09-06
ord_114,cust_596,delivered,2023-08-17,2023-08-29,2023-08-27
ord_115,cust_657,delivered,2023-03-08,2023-03-14,2023-03-18
ord_116,cust_553,delivered,2023-02-20,2023-02-24,2023-03-02
ord_117,cust_373,delivered,2023-04-07,2023-04-17,2023-04-17
ord_118,cust_636,delivered,2023-04-02,2023-04-14,2023-04-12
ord_119,cust_166,delivered,2023-09-21,2023-10-01,2023-10-01
ord_120,cust_752,delivered,2023-10-18,2023-10-23,2023-10-28
ord_121,cust_458,delivered,2023-04-06,2023-04-18,2023-04-16
ord_122,cust_279,delivered,2023-03-29,2023-04-03,2023-04-08
ord_123,cust_699,delivered,2023-03-19,2023-04-01,2023-03-29
ord_124,cust_301,delivered,2023-10-15,2023-10-24,2023-10-25
ord_125,cust_530,delivered,2023-04-30,2023-05-03,2023-05-10
ord_126,cust_579,delivered,2023-10-29,2023-11-08,2023-11-08
ord_127,cust_217,delivered,2023-06-14,2023-06-28,2023-06-24
ord_128,cust_101,delivered,2023-07-01,2023-07-08,2023-07-11
ord_129,cust_553,delivered,2023-08-11,2023-08-21,2023-08-21
ord_130,cust_287,delivered,2023-11-07,2023-11-16,2023-11-17
ord_131,cust_166,delivered,2023-01-07,2023-01-15,2023-01-17
ord_132,cust_620,delivered,2023-11-26,2023-12-10,2023-12-06
ord_133,cust_35,delivered,2023-09-20,2023-09-22,2023-09-30
ord_134,cust_743,delivered,2023-06-10,2023-06-23,2023-06-20
ord_135,cust_740,delivered,2023-05-31,2023-06-04,2023-06-10
ord_136,cust_352,delivered,2023-03-26,2023-04-07,2023-04-05
ord_137,cust_675,delivered,2023-05-27,2023-05-30,2023-06-06
ord_138,cust_72,delivered,2023-04-22,2023-04-28,2023-05-02
ord_139,cust_647,delivered,2023-02-05,2023-02-11,2023-02-15
ord_140,cust_352,delivered,2023-10-12,2023-10-18,2023-10-22
ord_141,cust_69,delivered,2023-07-07,2023-07-12,2023-07-17
ord_142,cust_424,delivered,2023-03-23,2023-03-29,2023-04-02
ord_143,cust_707,delivered,2023-01-02,2023-01-06,2023-01-12
ord_144,cust_780,delivered,2023-10-30,2023-11-12,2023-11-09
ord_145,cust_560,delivered,2023-07-16,2023-07-18,2023-07-26
ord_146,cust_641,delivered,2023-01-11,2023-01-17,2023-01-21
ord_147,cust_516,delivered,2023-08-22,2023-09-05,2023-09-01
ord_148,cust_427,delivered,2023-07-14,2023-07-24,2023-07-24
ord_149,cust_538,delivered,2023-04-29,2023-05-13,2023-05-09
ord_150,cust_159,delivered,2023-01-20,2023-01-30,2023-01-30
ord_151,cust_148,delivered,2023-09-18,2023-09-23,2023-09-28
ord_152,cust_775,delivered,2023-10-20,2023-10-24,2023-10-30
ord_153,cust_229,delivered,2023-09-13,2023-09-15,2023-09-23
ord_154,cust_711,delivered,2023-08-10,2023-08-13,2023-08-20
ord_155,cust_561,delivered,2023-08-14,2023-08-23,2023-08-24
ord_156,cust_66,delivered,2023-02-22,2023-02-24,2023-03-04
ord_157,cust_380,delivered,2023-12-21,2023-12-30,2023-12-31
ord_158,cust_57,delivered,2023-12-08,2023-12-22,2023-12-18
ord_159,cust_258,delivered,2023-12-30,2024-01-07,2024-01-09
ord_160,cust_341,delivered,2023-10-07,2023-10-16,2023-10-17
ord_161,cust_129,delivered,2023-03-22,2023-04-04,2023-04-01
ord_162,cust_726,delivered,2023-07-21,2023-07-28,2023-07-31
ord_163,cust_171,delivered,2023-06-07,2023-06-20,2023-06-17
ord_164,cust_769,delivered,2023-04-30,2023-05-10,2023-05-10
ord_165,cust_613,delivered,2023-02-28,2023-03-04,2023-03-10
ord_166,cust_208,delivered,2023-08-03,2023-08-14,2023-08-13
ord_167,cust_353,delivered,2023-05-08,2023-05-13,2023-05-18
ord_168,cust_470,delivered,2023-08-12,2023-08-26,2023-08-22
ord_169,cust_797,delivered,2023-07-28,2023-08-04,2023-08-07
ord_170,cust_115,delivered,2023-04-25,2023-05-04,2023-05-05
ord_171,cust_263,delivered,2023-07-28,2023-08-03,2023-08-07
ord_172,cust_661,delivered,2023-01-14,2023-01-18,2023-01-24
ord_173,cust_441,delivered,2023-01-09,2023-01-16,2023-01-19
ord_174,cust_547,delivered,2023-02-09,2023-02-14,2023-02-19
ord_175,cust_452,delivered,2023-08-25,2023-09-04,2023-09-04
ord_176,cust_476,delivered,2023-10-08,2023-10-22,2023-10-18
ord_177,cust_286,delivered,2023-12-25,2023-12-29,2024-01-04
ord_178,cust_302,delivered,2023-07-20,2023-07-25,2023-07-30
ord_179,cust_310,delivered,2023-09-03,2023-09-11,2023-09-13
ord_180,cust_207,delivered,2023-10-05,2023-10-13,2023-10-15
ord_181,cust_617,delivered,2023-08-23,2023-09-05,2023-09-02
ord_182,cust_445,delivered,2023-01-04,2023-01-17,2023-01-14
ord_183,cust_669,delivered,2023-06-03,2023-06-08,2023-06-13
ord_184,cust_632,delivered,2023-01-29,2023-02-05,2023-02-08
ord_185,cust_54,delivered,2023-04-19,2023-05-02,2023-04-29
ord_186,cust_11,delivered,2023-04-08,2023-04-22,2023-04-18
ord_187,cust_656,delivered,2023-08-03,2023-08-07,2023-08-13
ord_188,cust_399,delivered,2023-10-20,2023-10-27,2023-10-30
ord_189,cust_647,delivered,2023-03-16,2023-03-29,2023-03-26
ord_190,cust_514,delivered,2023-11-22,2023-11-25,2023-12-02
ord_191,cust_655,delivered,2023-05-26,2023-06-04,2023-06-05
ord_192,cust_541,delivered,2023-05-08,2023-05-11,2023-05-18
ord_193,cust_236,delivered,2023-12-07,2023-12-19,2023-12-17
ord_194,cust_278,delivered,2023-02-11,2023-02-19,2023-02-21
ord_195,cust_347,delivered,2023-12-22,2024-01-01,2024-01-01
ord_196,cust_626,delivered,2023-02-10,2023-02-12,2023-02-20
ord_197,cust_103,delivered,2023-02-03,2023-02-12,2023-02-13
ord_198,cust_629,delivered,2023-01-17,2023-01-25,2023-01-27
ord_199,cust_516,delivered,2023-06-14,2023-06-21,2023-06-24
ord_200,cust_247,delivered,2023-06-02,2023-06-09,2023-06-12
ord_201,cust_363,delivered,2023-03-17,2023-03-24,2023-03-27
ord_202,cust_320,delivered,2023-03-28,2023-04-07,2023-04-07
ord_203,cust_632,delivered,2023-04-27,2023-04-30,2023-05-07
ord_204,cust_285,delivered,2023-12-28,2023-12-30,2024-01-07
ord_205,cust_148,delivered,2023-12-08,2023-12-22,2023-12-18
ord_206,cust_83,delivered,2023-01-27,2023-02-09,2023-02-06
ord_207,cust_405,delivered,2023-11-09,2023-11-16,2023-11-19
ord_208,cust_455,delivered,2023-10-14,2023-10-25,2023-10-24
ord_209,cust_742,delivered,2023-05-14,2023-05-26,2023-05-24
ord_210,cust_799,delivered,2023-08-07,2023-08-16,2023-08-17
ord_211,cust_160,delivered,2023-06-17,2023-06-21,2023-06-27
ord_212,cust_783,delivered,2023-04-08,2023-04-21,2023-04-18
ord_213,cust_459,delivered,2023-09-25,2023-10-06,2023-10-05
ord_214,cust_549,delivered,2023-08-25,2023-08-27,2023-09-04
ord_215,cust_499,delivered,2023-11-05,2023-11-15,2023-11-15
ord_216,cust_737,delivered,2023-06-22,2023-07-06,2023-07-02
ord_217,cust_508,delivered,2023-07-09,2023-07-23,2023-07-19
ord_218,cust_653,delivered,2023-05-02,2023-05-04,2023-05-12
ord_219,cust_480,delivered,2023-02-15,2023-02-19,2023-02-25
ord_220,cust_662,delivered,2023-03-05,2023-03-14,2023-03-15
ord_221,cust_113,delivered,2023-05-10,2023-05-14,2023-05-20
ord_222,cust_748,delivered,2023-11-06,2023-11-20,2023-11-16
ord_223,cust_577,delivered,2023-12-29,2024-01-03,2024-01-08
ord_224,cust_360,delivered,2023-07-12,2023-07-21,2023-07-22
ord_225,cust_340,delivered,2023-11-03,2023-11-05,2023-11-13
ord_226,cust_769,delivered,2023-06-30,2023-07-14,2023-07-10
ord_227,cust_760,delivered,2023-10-19,2023-11-02,2023-10-29
ord_228,cust_448,delivered,2023-10-09,2023-10-16,2023-10-19
ord_229,cust_179,delivered,2023-01-29,2023-01-31,2023-02-08
ord_230,cust_701,delivered,2023-05-29,2023-05-31,2023-06-08
ord_231,cust_406,delivered,2023-09-24,2023-10-03,2023-10-04
ord_232,cust_665,delivered,2023-10-23,2023-11-04,2023-11-02
ord_233,cust_195,delivered,2023-01-11,2023-01-16,2023-01-21
ord_234,cust_465,delivered,2023-06-13,2023-06-26,2023-06-23
ord_235,cust_310,delivered,2023-04-23,2023-04-25,2023-05-03
ord_236,cust_261,delivered,2023-07-06,2023-07-17,2023-07-16
ord_237,cust_418,delivered,2023-10-22,2023-10-30,2023-11-01
ord_238,cust_405,delivered,2023-08-20,2023-08-26,2023-08-30
ord_239,cust_142,delivered,2023-08-15,2023-08-21,2023-08-25
ord_240,cust_341,delivered,2023-11-06,2023-11-08,2023-11-16
ord_241,cust_315,delivered,2023-04-08,2023-04-19,2023-04-18
ord_242,cust_100,delivered,2023-02-24,2023-03-08,2023-03-06
ord_243,cust_243,delivered,2023-04-21,2023-04-28,2023-05-01
ord_244,cust_489,delivered,2023-06-01,2023-06-11,2023-06-11
ord_245,cust_11,delivered,2023-09-03,2023-09-13,2023-09-13
ord_246,cust_238,delivered,2023-03-10,2023-03-19,2023-03-20
ord_247,cust_560,delivered,2023-11-08,2023-11-14,2023-11-18
ord_248,cust_41,delivered,2023-10-16,2023-10-18,2023-10-26
ord_249,cust_677,delivered,2023-09-07,2023-09-17,2023-09-17
ord_250,cust_593,delivered,2023-02-05,2023-02-07,2023-02-15
ord_251,cust_428,delivered,2023-08-27,2023-09-05,2023-09-06
ord_252,cust_157,delivered,2023-05-28,2023-06-03,2023-06-07
ord_253,cust_215,delivered,2023-08-15,2023-08-19,2023-08-25
ord_254,cust_669,delivered,2023-09-01,2023-09-13,2023-09-11
ord_255,cust_461,delivered,2023-12-03,2023-12-11,2023-12-13
ord_256,cust_133,delivered,2023-12-31,2024-01-08,2024-01-10
ord_257,cust_66,delivered,2023-07-20,2023-07-30,2023-07-30
ord_258,cust_6,delivered,2023-06-03,2023-06-11,2023-06-13
ord_259,cust_525,delivered,2023-03-14,2023-03-28,2023-03-24
ord_260,cust_72,delivered,2023-07-20,2023-08-01,2023-07-30
ord_261,cust_398,delivered,2023-10-23,2023-10-27,2023-11-02
ord_262,cust_404,delivered,2023-01-17,2023-01-29,2023-01-27
ord_263,cust_674,delivered,2023-05-09,2023-05-23,2023-05-19
ord_264,cust_577,delivered,2023-08-05,2023-08-19,2023-08-15
ord_265,cust_129,delivered,2023-03-02,2023-03-04,2023-03-12
ord_266,cust_465,delivered,2023-04-14,2023-04-23,2023-04-24
ord_267,cust_205,delivered,2023-02-11,2023-02-24,2023-02-21
ord_268,cust_787,delivered,2023-01-25,2023-01-29,2023-02-04
ord_269,cust_767,delivered,2023-02-08,2023-02-21,2023-02-18
ord_270,cust_265,delivered,2023-10-18,2023-10-27,2023-10-28
ord_271,cust_536,delivered,2023-05-11,2023-05-20,2023-05-21
ord_272,cust_792,delivered,2023-08-17,2023-08-31,2023-08-27
ord_273,cust_252,delivered,2023-04-18,2023-04-24,2023-04-28
ord_274,cust_288,delivered,2023-06-21,2023-07-05,2023-07-01
ord_275,cust_163,delivered,2023-04-12,2023-04-25,2023-04-22
ord_276,cust_94,delivered,2023-12-20,2024-01-03,2023-12-30
ord_277,cust_781,delivered,2023-01-12,2023-01-14,2023-01-22
ord_278,cust_109,delivered,2023-10-02,2023-10-16,2023-10-12
ord_279,cust_335,delivered,2023-04-11,2023-04-22,2023-04-21
ord_280,cust_237,delivered,2023-02-13,2023-02-21,2023-02-23
ord_281,cust_380,delivered,2023-11-01,2023-11-14,2023-11-11
ord_282,cust_435,delivered,2023-01-17,2023-01-28,2023-01-27
ord_283,cust_482,delivered,2023-11-26,2023-12-02,2023-12-06
ord_284,cust_24,delivered,2023-02-26,2023-03-07,2023-03-08
ord_285,cust_652,delivered,2023-11-07,2023-11-17,2023-11-17
ord_286,cust_116,delivered,2023-10-30,2023-11-11,2023-11-09
ord_287,cust_481,delivered,2023-01-12,2023-01-20,2023-01-22
ord_288,cust_391,delivered,2023-11-14,2023-11-28,2023-11-24
ord_289,cust_536,delivered,2023-03-21,2023-03-29,2023-03-31
ord_290,cust_78,delivered,2023-08-04,2023-08-06,2023-08-14
ord_291,cust_579,delivered,2023-12-05,2023-12-10,2023-12-15
ord_292,cust_172,delivered,2023-09-21,2023-09-24,2023-10-01
ord_293,cust_11,delivered,2023-05-29,2023-06-01,2023-06-08
ord_294,cust_799,delivered,2023-03-22,2023-03-25,2023-04-01
ord_295,cust_127,delivered,2023-08-03,2023-08-08,2023-08-13
ord_296,cust_607,delivered,2023-07-17,2023-07-19,2023-07-27
ord_297,cust_91,delivered,2023-07-19,2023-07-24,2023-07-29
ord_298,cust_652,delivered,2023-01-25,2023-01-28,2023-02-04
ord_299,cust_542,delivered,2023-03-30,2023-04-05,2023-04-09
ord_300,cust_531,delivered,2023-09-25,2023-09-29,2023-10-05
ord_301,cust_657,delivered,2023-05-23,2023-06-05,2023-06-02
ord_302,cust_446,delivered,2023-02-28,2023-03-09,2023-03-10
ord_303,cust_389,delivered,2023-12-31,2024-01-05,2024-01-10
ord_304,cust_671,delivered,2023-01-26,2023-01-28,2023-02-05
ord_305,cust_42,delivered,2023-02-16,2023-02-18,2023-02-26
ord_306,cust_253,delivered,2023-10-15,2023-10-28,2023-10-25
ord_307,cust_129,delivered,2023-09-23,2023-10-04,2023-10-03
ord_308,cust_59,delivered,2023-01-16,2023-01-20,2023-01-26
ord_309,cust_662,delivered,2023-07-18,2023-07-28,2023-07-28
ord_310,cust_466,delivered,2023-10-09,2023-10-17,2023-10-19
ord_311,cust_286,delivered,2023-03-27,2023-03-30,2023-04-06
ord_312,cust_516,delivered,2023-09-07,2023-09-21,2023-09-17
ord_313,cust_466,delivered,2023-09-27,2023-10-07,2023-10-07
ord_314,cust_777,delivered,2023-12-01,2023-12-12,2023-12-11
ord_315,cust_344,delivered,2023-04-27,2023-04-30,2023-05-07
ord_316,cust_641,delivered,2023-01-07,2023-01-11,2023-01-17
ord_317,cust_381,delivered,2023-05-17,2023-05-29,2023-05-27
ord_318,cust_778,delivered,2023-06-25,2023-07-09,2023-07-05
ord_319,cust_689,delivered,2023-11-24,2023-12-05,2023-12-04
ord_320,cust_252,delivered,2023-11-11,2023-11-14,2023-11-21
ord_321,cust_55,delivered,2023-08-03,2023-08-07,2023-08-13
ord_322,cust_462,delivered,2023-03-23,2023-03-30,2023-04-02
ord_323,cust_456,delivered,2023-08-11,2023-08-21,2023-08-21
ord_324,cust_82,delivered,2023-04-13,2023-04-23,2023-04-23
ord_325,cust_98,delivered,2023-09-30,2023-10-08,2023-10-10
ord_326,cust_148,delivered,2023-01-14,2023-01-27,2023-01-24
ord_327,cust_328,delivered,2023-06-08,2023-06-12,2023-06-18
ord_328,cust_155,delivered,2023-06-01,2023-06-06,2023-06-11
ord_329,cust_189,delivered,2023-04-18,2023-04-25,2023-04-28
ord_330,cust_493,delivered,2023-07-07,2023-07-19,2023-07-17
ord_331,cust_262,delivered,2023-10-28,2023-11-03,2023-11-07
ord_332,cust_79,delivered,2023-04-08,2023-04-11,2023-04-18
ord_333,cust_399,delivered,2023-05-11,2023-05-25,2023-05-21
ord_334,cust_763,delivered,2023-10-20,2023-10-27,2023-10-30
ord_335,cust_608,delivered,2023-06-20,2023-06-24,2023-06-30
ord_336,cust_259,delivered,2023-07-02,2023-07-11,2023-07-12
ord_337,cust_771,delivered,2023-12-30,2024-01-02,2024-01-09
ord_338,cust_614,delivered,2023-02-08,2023-02-10,2023-02-18
ord_339,cust_551,delivered,2023-01-15,2023-01-25,2023-01-25
ord_340,cust_784,delivered,2023-01-04,2023-01-17,2023-01-14
ord_341,cust_100,delivered,2023-12-15,2023-12-19,2023-12-25
ord_342,cust_358,delivered,2023-07-29,2023-08-10,2023-08-08
ord_343,cust_379,delivered,2023-06-10,2023-06-12,2023-06-20
ord_344,cust_220,delivered,2023-01-16,2023-01-24,2023-01-26
ord_345,cust_419,delivered,2023-04-18,2023-05-02,2023-04-28
ord_346,cust_123,delivered,2023-11-07,2023-11-18,2023-11-17
ord_347,cust_421,delivered,2023-08-15,2023-08-21,2023-08-25
ord_348,cust_230,delivered,2023-06-19,2023-06-25,2023-06-29
ord_349,cust_689,delivered,2023-02-03,2023-02-05,2023-02-13
ord_350,cust_62,delivered,2023-09-08,2023-09-18,2023-09-18
ord_351,cust_484,delivered,2023-09-04,2023-09-12,2023-09-14
ord_352,cust_627,delivered,2023-09-26,2023-10-05,2023-10-06
ord_353,cust_702,delivered,2023-05-21,2023-05-31,2023-05-31
ord_354,cust_573,delivered,2023-10-01,2023-10-08,2023-10-11
ord_355,cust_767,delivered,2023-04-06,2023-04-19,2023-04-16
ord_356,cust_482,delivered,2023-08-15,2023-08-21,2023-08-25
ord_357,cust_518,delivered,2023-02-08,2023-02-15,2023-02-18
ord_358,cust_154,delivered,2023-10-29,2023-11-10,2023-11-08
ord_359,cust_91,delivered,2023-01-29,2023-02-01,2023-02-08
ord_360,cust_525,delivered,2023-11-14,2023-11-19,2023-11-24
ord_361,cust_454,delivered,2023-09-02,2023-09-06,2023-09-12
ord_362,cust_740,delivered,2023-08-24,2023-09-07,2023-09-03
ord_363,cust_597,delivered,2023-07-04,2023-07-12,2023-07-14
ord_364,cust_644,delivered,2023-09-29,2023-10-09,2023-10-09
ord_365,cust_509,delivered,2023-08-24,2023-08-30,2023-09-03
ord_366,cust_182,delivered,2023-08-27,2023-09-03,2023-09-06
ord_367,cust_385,delivered,2023-09-23,2023-10-04,2023-10-03
ord_368,cust_573,delivered,2023-12-25,2024-01-07,2024-01-04
ord_369,cust_730,delivered,2023-12-06,2023-12-19,2023-12-16
ord_370,cust_404,delivered,2023-03-06,2023-03-09,2023-03-16
ord_371,cust_245,delivered,2023-06-26,2023-06-30,2023-07-06
ord_372,cust_741,delivered,2023-01-03,2023-01-07,2023-01-13
ord_373,cust_590,delivered,2023-05-22,2023-06-04,2023-06-01
ord_374,cust_660,delivered,2023-06-07,2023-06-20,2023-06-17
ord_375,cust_649,delivered,2023-11-20,2023-11-30,2023-11-30
ord_376,cust_470,delivered,2023-05-26,2023-06-03,2023-06-05
ord_377,cust_422,delivered,2023-10-20,2023-10-29,2023-10-30
ord_378,cust_64,delivered,2023-06-02,2023-06-14,2023-06-12
ord_379,cust_12,delivered,2023-07-12,2023-07-23,2023-07-22
ord_380,cust_212,delivered,2023-03-14,2023-03-26,2023-03-24
ord_381,cust_241,delivered,2023-11-01,2023-11-11,2023-11-11
ord_382,cust_492,delivered,2023-12-10,2023-12-17,2023-12-20
ord_383,cust_212,delivered,2023-05-20,2023-05-25,2023-05-30
ord_384,cust_692,delivered,2023-07-06,2023-07-19,2023-07-16
ord_385,cust_337,delivered,2023-10-20,2023-10-22,2023-10-30
ord_386,cust_172,delivered,2023-03-02,2023-03-11,2023-03-12
ord_387,cust_671,delivered,2023-07-17,2023-07-25,2023-07-27
ord_388,cust_163,delivered,2023-10-22,2023-10-25,2023-11-01
ord_389,cust_464,delivered,2023-11-15,2023-11-24,2023-11-25
ord_390,cust_496,delivered,2023-10-29,2023-11-11,2023-11-08
ord_391,cust_699,delivered,2023-12-10,2023-12-16,2023-12-20
ord_392,cust_394,delivered,2023-01-11,2023-01-19,2023-01-21
ord_393,cust_702,delivered,2023-03-03,2023-03-08,2023-03-13
ord_394,cust_307,delivered,2023-11-29,2023-12-05,2023-12-09
ord_395,cust_767,delivered,2023-08-14,2023-08-23,2023-08-24
ord_396,cust_182,delivered,2023-06-02,2023-06-04,2023-06-12
ord_397,cust_628,delivered,2023-07-18,2023-07-20,2023-07-28
ord_398,cust_793,delivered,2023-02-21,2023-02-26,2023-03-03
ord_399,cust_509,delivered,2023-09-17,2023-09-21,2023-09-27
ord_400,cust_707,delivered,2023-02-28,2023-03-14,2023-03-10
ord_401,cust_545,delivered,2023-03-13,2023-03-24,2023-03-23
ord_402,cust_563,delivered,2023-05-28,2023-06-10,2023-06-07
ord_403,cust_623,delivered,2023-12-15,2023-12-18,2023-12-25
ord_404,cust_763,delivered,2023-03-04,2023-03-17,2023-03-14
ord_405,cust_593,delivered,2023-11-06,2023-11-10,2023-11-16
ord_406,cust_743,delivered,2023-08-31,2023-09-12,2023-09-10
ord_407,cust_226,delivered,2023-11-26,2023-12-08,2023-12-06
ord_408,cust_744,delivered,2023-04-17,2023-04-29,2023-04-27
ord_409,cust_732,delivered,2023-08-14,2023-08-16,2023-08-24
ord_410,cust_435,delivered,2023-11-09,2023-11-11,2023-11-19
ord_411,cust_421,delivered,2023-08-06,2023-08-13,2023-08-16
ord_412,cust_553,delivered,2023-08-29,2023-09-04,2023-09-08
ord_413,cust_20,delivered,2023-09-16,2023-09-25,2023-09-26
ord_414,cust_553,delivered,2023-09-19,2023-09-22,2023-09-29
ord_415,cust_396,delivered,2023-01-05,2023-01-10,2023-01-15
ord_416,cust_624,delivered,2023-09-18,2023-09-27,2023-09-28
ord_417,cust_104,delivered,2023-02-23,2023-03-08,2023-03-05
ord_418,cust_191,delivered,2023-02-16,2023-02-23,2023-02-26
ord_419,cust_16,delivered,2023-08-03,2023-08-05,2023-08-13
ord_420,cust_119,delivered,2023-06-26,2023-07-01,2023-07-06
ord_421,cust_392,delivered,2023-01-09,2023-01-11,2023-01-19
ord_422,cust_424,delivered,2023-04-09,2023-04-23,2023-04-19
ord_423,cust_128,delivered,2023-01-20,2023-01-23,2023-01-30
ord_424,cust_129,delivered,2023-08-29,2023-09-04,2023-09-08
ord_425,cust_571,delivered,2023-03-02,2023-03-11,2023-03-12
ord_426,cust_559,delivered,2023-06-27,2023-07-06,2023-07-07
ord_427,cust_28,delivered,2023-12-04,2023-12-16,2023-12-14
ord_428,cust_96,delivered,2023-03-03,2023-03-07,2023-03-13
ord_429,cust_9,delivered,2023-05-25,2023-06-06,2023-06-04
ord_430,cust_241,delivered,2023-08-04,2023-08-18,2023-08-14
ord_431,cust_231,delivered,2023-01-03,2023-01-08,2023-01-13
ord_432,cust_788,delivered,2023-06-09,2023-06-20,2023-06-19
ord_433,cust_283,delivered,2023-08-15,2023-08-27,2023-08-25
ord_434,cust_714,delivered,2023-09-26,2023-10-03,2023-10-06
ord_435,cust_758,delivered,2023-04-30,2023-05-12,2023-05-10
ord_436,cust_775,delivered,2023-03-30,2023-04-11,2023-04-09
ord_437,cust_725,delivered,2023-11-25,2023-12-06,2023-12-05
ord_438,cust_199,delivered,2023-03-09,2023-03-13,2023-03-19
ord_439,cust_78,delivered,2023-12-23,2023-12-26,2024-01-02
ord_440,cust_172,delivered,2023-04-08,2023-04-15,2023-04-18
ord_441,cust_466,delivered,2023-09-24,2023-10-06,2023-10-04
ord_442,cust_580,delivered,2023-04-15,2023-04-29,2023-04-25
ord_443,cust_415,delivered,2023-11-19,2023-11-25,2023-11-29
ord_444,cust_448,delivered,2023-05-03,2023-05-14,2023-05-13
ord_445,cust_86,delivered,2023-01-29,2023-02-04,2023-02-08
ord_446,cust_100,delivered,2023-05-17,2023-05-28,2023-05-27
ord_447,cust_7,delivered,2023-07-14,2023-07-28,2023-07-24
ord_448,cust_199,delivered,2023-08-14,2023-08-20,2023-08-24
ord_449,cust_504,delivered,2023-11-28,2023-12-09,2023-12-08
ord_450,cust_86,delivered,2023-06-19,2023-07-02,2023-06-29
ord_451,cust_42,delivered,2023-01-09,2023-01-15,2023-01-19
ord_452,cust_384,delivered,2023-02-09,2023-02-13,2023-02-19
ord_453,cust_620,delivered,2023-01-25,2023-02-02,2023-02-04
ord_454,cust_434,delivered,2023-09-18,2023-09-25,2023-09-28
ord_455,cust_407,delivered,2023-08-14,2023-08-19,2023-08-24
ord_456,cust_482,delivered,2023-05-04,2023-05-07,2023-05-14
ord_457,cust_663,delivered,2023-02-07,2023-02-20,2023-02-17
ord_458,cust_16,delivered,2023-11-24,2023-12-04,2023-12-04
ord_459,cust_644,delivered,2023-09-08,2023-09-10,2023-09-18
ord_460,cust_147,delivered,2023-06-25,2023-07-09,2023-07-05
ord_461,cust_276,delivered,2023-03-31,2023-04-14,2023-04-10
ord_462,cust_231,delivered,2023-02-06,2023-02-18,2023-02-16
ord_463,cust_365,delivered,2023-11-12,2023-11-17,2023-11-22
ord_464,cust_227,delivered,2023-06-25,2023-06-27,2023-07-05
ord_465,cust_650,delivered,2023-10-11,2023-10-25,2023-10-21
ord_466,cust_435,delivered,2023-03-22,2023-03-29,2023-04-01
ord_467,cust_398,delivered,2023-04-24,2023-04-29,2023-05-04
ord_468,cust_210,delivered,2023-02-09,2023-02-15,2023-02-19
ord_469,cust_390,delivered,2023-10-28,2023-11-03,2023-11-07
ord_470,cust_498,delivered,2023-08-12,2023-08-22,2023-08-22
ord_471,cust_539,delivered,2023-11-14,2023-11-16,2023-11-24
ord_472,cust_562,delivered,2023-12-15,2023-12-29,2023-12-25
ord_473,cust_490,delivered,2023-04-25,2023-04-28,2023-05-05
ord_474,cust_441,delivered,2023-07-05,2023-07-19,2023-07-15
ord_475,cust_260,delivered,2023-11-19,2023-11-26,2023-11-29
ord_476,cust_772,delivered,2023-02-25,2023-03-03,2023-03-07
ord_477,cust_349,delivered,2023-02-09,2023-02-21,2023-02-19
ord_478,cust_351,delivered,2023-12-20,2023-12-28,2023-12-30
ord_479,cust_519,delivered,2023-02-09,2023-02-13,2023-02-19
ord_480,cust_319,delivered,2023-12-13,2023-12-17,2023-12-23
ord_481,cust_137,delivered,2023-08-25,2023-09-05,2023-09-04
ord_482,cust_549,delivered,2023-10-16,2023-10-19,2023-10-26
ord_483,cust_622,delivered,2023-09-19,2023-10-03,2023-09-29
ord_484,cust_367,delivered,2023-08-04,2023-08-08,2023-08-14
ord_485,cust_219,delivered,2023-05-27,2023-06-07,2023-06-06
ord_486,cust_336,delivered,2023-12-02,2023-12-04,2023-12-12
ord_487,cust_222,delivered,2023-06-17,2023-06-23,2023-06-27
ord_488,cust_647,delivered,2023-04-02,2023-04-15,2023-04-12
ord_489,cust_767,delivered,2023-12-19,2023-12-25,2023-12-29
ord_490,cust_359,delivered,2023-02-28,2023-03-13,2023-03-10
ord_491,cust_328,delivered,2023-02-28,2023-03-12,2023-03-10
ord_492,cust_462,delivered,2023-10-31,2023-11-08,2023-11-10
ord_493,cust_560,delivered,2023-06-18,2023-06-23,2023-06-28
ord_494,cust_381,delivered,2023-09-26,2023-09-30,2023-10-06
ord_495,cust_589,delivered,2023-12-29,2023-12-31,2024-01-08
ord_496,cust_616,delivered,2023-02-14,2023-02-27,2023-02-24
ord_497,cust_168,delivered,2023-12-11,2023-12-20,2023-12-21
ord_498,cust_216,delivered,2023-06-30,2023-07-14,2023-07-10
ord_499,cust_377,delivered,2023-06-19,2023-06-23,2023-06-29
ord_500,cust_118,delivered,2023-12-22,2024-01-05,2024-01-01
ord_501,cust_189,delivered,2023-07-10,2023-07-13,2023-07-20
ord_502,cust_766,delivered,2023-06-04,2023-06-16,2023-06-14
ord_503,cust_369,delivered,2023-07-07,2023-07-12,2023-07-17
ord_504,cust_777,delivered,2023-01-07,2023-01-11,2023-01-17
ord_505,cust_148,delivered,2023-05-13,2023-05-27,2023-05-23
ord_506,cust_675,delivered,2023-08-23,2023-08-25,2023-09-02
ord_507,cust_651,delivered,2023-02-14,2023-02-18,2023-02-24
ord_508,cust_487,delivered,2023-11-10,2023-11-23,2023-11-20
ord_509,cust_769,delivered,2023-09-06,2023-09-09,2023-09-16
ord_510,cust_373,delivered,2023-01-31,2023-02-09,2023-02-10
ord_511,cust_780,delivered,2023-01-23,2023-01-30,2023-02-02
ord_512,cust_692,delivered,2023-06-09,2023-06-19,2023-06-19
ord_513,cust_159,delivered,2023-12-29,2024-01-07,2024-01-08
ord_514,cust_350,delivered,2023-06-07,2023-06-18,2023-06-17
ord_515,cust_287,delivered,2023-02-08,2023-02-12,2023-02-18
ord_516,cust_287,delivered,2023-03-23,2023-03-29,2023-04-02
ord_517,cust_225,delivered,2023-12-22,2023-12-30,2024-01-01
ord_518,cust_522,delivered,2023-09-15,2023-09-21,2023-09-25
ord_519,cust_521,delivered,2023-07-25,2023-08-03,2023-08-04
ord_520,cust_782,delivered,2023-03-18,2023-03-31,2023-03-28
ord_521,cust_272,delivered,2023-01-12,2023-01-18,2023-01-22
ord_522,cust_401,delivered,2023-10-22,2023-10-24,2023-11-01
ord_523,cust_182,delivered,2023-08-12,2023-08-18,2023-08-22
ord_524,cust_664,delivered,2023-01-13,2023-01-18,2023-01-23
ord_525,cust_487,delivered,2023-02-15,2023-02-22,2023-02-25
ord_526,cust_123,delivered,2023-06-04,2023-06-08,2023-06-14
ord_527,cust_625,delivered,2023-04-23,2023-05-05,2023-05-03
ord_528,cust_789,delivered,2023-08-21,2023-08-27,2023-08-31
ord_529,cust_413,delivered,2023-01-17,2023-01-20,2023-01-27
ord_530,cust_724,delivered,2023-12-26,2024-01-07,2024-01-05
ord_531,cust_171,delivered,2023-08-11,2023-08-18,2023-08-21
ord_532,cust_287,delivered,2023-12-20,2024-01-03,2023-12-30
ord_533,cust_434,delivered,2023-07-07,2023-07-20,2023-07-17
ord_534,cust_685,delivered,2023-12-10,2023-12-17,2023-12-20
ord_535,cust_112,delivered,2023-12-31,2024-01-06,2024-01-10
ord_536,cust_121,delivered,2023-06-12,2023-06-19,2023-06-22
ord_537,cust_543,delivered,2023-11-22,2023-12-04,2023-12-02
ord_538,cust_221,delivered,2023-03-15,2023-03-23,2023-03-25
ord_539,cust_630,delivered,2023-08-21,2023-09-03,2023-08-31
ord_540,cust_38,delivered,2023-08-12,2023-08-18,2023-08-22
ord_541,cust_496,delivered,2023-11-15,2023-11-17,2023-11-25
ord_542,cust_779,delivered,2023-03-01,2023-03-10,2023-03-11
ord_543,cust_232,delivered,2023-12-01,2023-12-06,2023-12-11
ord_544,cust_529,delivered,2023-08-10,2023-08-20,2023-08-20
ord_545,cust_148,delivered,2023-02-06,2023-02-17,2023-02-16
ord_546,cust_396,delivered,2023-10-05,2023-10-18,2023-10-15
ord_547,cust_660,delivered,2023-07-15,2023-07-22,2023-07-25
ord_548,cust_637,delivered,2023-12-18,2023-12-20,2023-12-28
ord_549,cust_301,delivered,2023-08-30,2023-09-03,2023-09-09
ord_550,cust_359,delivered,2023-11-20,2023-11-24,2023-11-30
ord_551,cust_237,delivered,2023-08-07,2023-08-18,2023-08-17
ord_552,cust_646,delivered,2023-07-11,2023-07-24,2023-07-21
ord_553,cust_662,delivered,2023-01-17,2023-01-30,2023-01-27
ord_554,cust_235,delivered,2023-01-12,2023-01-17,2023-01-22
ord_555,cust_735,delivered,2023-07-12,2023-07-19,2023-07-22
ord_556,cust_202,delivered,2023-01-22,2023-01-30,2023-02-01
ord_557,cust_255,delivered,2023-04-30,2023-05-11,2023-05-10
ord_558,cust_597,delivered,2023-07-29,2023-08-03,2023-08-08
ord_559,cust_661,delivered,2023-11-02,2023-11-09,2023-11-12
ord_560,cust_234,delivered,2023-09-27,2023-10-09,2023-10-07
ord_561,cust_344,delivered,2023-07-11,2023-07-13,2023-07-21
ord_562,cust_533,delivered,2023-06-24,2023-07-03,2023-07-04
ord_563,cust_796,delivered,2023-10-12,2023-10-20,2023-10-22
ord_564,cust_780,delivered,2023-07-23,2023-08-04,2023-08-02
ord_565,cust_465,delivered,2023-06-13,2023-06-25,2023-06-23
ord_566,cust_769,delivered,2023-09-08,2023-09-18,2023-09-18
ord_567,cust_540,delivered,2023-08-15,2023-08-19,2023-08-25
ord_568,cust_212,delivered,2023-01-07,2023-01-10,2023-01-17
ord_569,cust_462,delivered,2023-01-29,2023-01-31,2023-02-08
ord_570,cust_435,delivered,2023-02-02,2023-02-06,2023-02-12
ord_571,cust_282,delivered,2023-05-14,2023-05-20,2023-05-24
ord_572,cust_561,delivered,2023-03-20,2023-04-01,2023-03-30
ord_573,cust_606,delivered,2023-02-27,2023-03-02,2023-03-09
ord_574,cust_462,delivered,2023-01-26,2023-02-08,2023-02-05
ord_575,cust_406,delivered,2023-08-14,2023-08-18,2023-08-24
ord_576,cust_87,delivered,2023-10-12,2023-10-17,2023-10-22
ord_577,cust_43,delivered,2023-01-04,2023-01-12,2023-01-14
ord_578,cust_460,delivered,2023-04-09,2023-04-23,2023-04-19
ord_579,cust_277,delivered,2023-02-08,2023-02-12,2023-02-18
ord_580,cust_682,delivered,2023-09-28,2023-10-08,2023-10-08
ord_581,cust_420,delivered,2023-10-12,2023-10-21,2023-10-22
ord_582,cust_700,delivered,2023-06-06,2023-06-11,2023-06-16
ord_583,cust_352,delivered,2023-03-16,2023-03-30,2023-03-26
ord_584,cust_695,delivered,2023-10-15,2023-10-17,2023-10-25
ord_585,cust_514,delivered,2023-05-10,2023-05-12,2023-05-20
ord_586,cust_702,delivered,2023-06-24,2023-06-26,2023-07-04
ord_587,cust_629,delivered,2023-03-25,2023-03-27,2023-04-04
ord_588,cust_18,delivered,2023-01-22,2023-01-31,2023-02-01
ord_589,cust_22,delivered,2023-01-27,2023-01-31,2023-02-06
ord_590,cust_412,delivered,2023-07-14,2023-07-21,2023-07-24
ord_591,cust_29,delivered,2023-12-03,2023-12-07,2023-12-13
ord_592,cust_107,delivered,2023-08-24,2023-09-05,2023-09-03
ord_593,cust_366,delivered,2023-04-02,2023-04-08,2023-04-12
ord_594,cust_280,delivered,2023-01-21,2023-02-04,2023-01-31
ord_595,cust_127,delivered,2023-10-30,2023-11-13,2023-11-09
ord_596,cust_228,delivered,2023-12-23,2023-12-31,2024-01-02
ord_597,cust_110,delivered,2023-03-25,2023-03-28,2023-04-04
ord_598,cust_135,delivered,2023-09-19,2023-09-26,2023-09-29
ord_599,cust_361,delivered,2023-05-27,2023-06-10,2023-06-06
ord_600,cust_185,delivered,2023-09-14,2023-09-21,2023-09-24
ord_601,cust_655,delivered,2023-02-27,2023-03-11,2023-03-09
ord_602,cust_583,delivered,2023-01-15,2023-01-19,2023-01-25
ord_603,cust_128,delivered,2023-06-11,2023-06-18,2023-06-21
ord_604,cust_260,delivered,2023-06-12,2023-06-23,2023-06-22
ord_605,cust_514,delivered,2023-11-16,2023-11-27,2023-11-26
ord_606,cust_448,delivered,2023-10-08,2023-10-14,2023-10-18
ord_607,cust_103,delivered,2023-10-07,2023-10-20,2023-10-17
ord_608,cust_482,delivered,2023-01-12,2023-01-15,2023-01-22
ord_609,cust_223,delivered,2023-10-01,2023-10-11,2023-10-11
ord_610,cust_490,delivered,2023-09-28,2023-10-07,2023-10-08
ord_611,cust_472,delivered,2023-07-27,2023-07-31,2023-08-06
ord_612,cust_9,delivered,2023-01-27,2023-02-05,2023-02-06
ord_613,cust_404,delivered,2023-03-13,2023-03-23,2023-03-23
ord_614,cust_301,delivered,2023-03-01,2023-03-05,2023-03-11
ord_615,cust_230,delivered,2023-05-25,2023-05-29,2023-06-04
ord_616,cust_730,delivered,2023-04-03,2023-04-06,2023-04-13
ord_617,cust_65,delivered,2023-11-05,2023-11-14,2023-11-15
ord_618,cust_111,delivered,2023-01-08,2023-01-19,2023-01-18
ord_619,cust_12,delivered,2023-03-20,2023-03-22,2023-03-30
ord_620,cust_392,delivered,2023-01-27,2023-02-05,2023-02-06
ord_621,cust_499,delivered,2023-06-23,2023-07-01,2023-07-03
ord_622,cust_597,delivered,2023-02-19,2023-02-27,2023-03-01
ord_623,cust_233,delivered,2023-07-18,2023-07-22,2023-07-28
ord_624,cust_601,delivered,2023-12-15,2023-12-17,2023-12-25
ord_625,cust_313,delivered,2023-06-30,2023-07-05,2023-07-10
ord_626,cust_565,delivered,2023-01-24,2023-02-03,2023-02-03
ord_627,cust_11,delivered,2023-11-12,2023-11-18,2023-11-22
ord_628,cust_208,delivered,2023-02-15,2023-02-17,2023-02-25
ord_629,cust_13,delivered,2023-01-15,2023-01-21,2023-01-25
ord_630,cust_632,delivered,2023-06-02,2023-06-16,2023-06-12
ord_631,cust_417,delivered,2023-08-10,2023-08-19,2023-08-20
ord_632,cust_436,delivered,2023-07-25,2023-08-03,2023-08-04
ord_633,cust_376,delivered,2023-09-30,2023-10-06,2023-10-10
ord_634,cust_19,delivered,2023-08-24,2023-09-06,2023-09-03
ord_635,cust_586,delivered,2023-12-06,2023-12-16,2023-12-16
ord_636,cust_754,delivered,2023-08-16,2023-08-18,2023-08-26
ord_637,cust_734,delivered,2023-01-09,2023-01-14,2023-01-19
ord_638,cust_69,delivered,2023-06-15,2023-06-19,2023-06-25
ord_639,cust_210,delivered,2023-11-15,2023-11-18,2023-11-25
ord_640,cust_100,delivered,2023-08-02,2023-08-11,2023-08-12
ord_641,cust_697,delivered,2023-04-27,2023-05-05,2023-05-07
ord_642,cust_131,delivered,2023-12-10,2023-12-20,2023-12-20
ord_643,cust_622,delivered,2023-03-13,2023-03-16,2023-03-23
ord_644,cust_380,delivered,2023-03-05,2023-03-10,2023-03-15
ord_645,cust_131,delivered,2023-07-24,2023-07-31,2023-08-03
ord_646,cust_19,delivered,2023-07-28,2023-08-09,2023-08-07
ord_647,cust_535,delivered,2023-03-13,2023-03-17,2023-03-23
ord_648,cust_226,delivered,2023-10-04,2023-10-13,2023-10-14
ord_649,cust_153,delivered,2023-10-01,2023-10-05,2023-10-11
ord_650,cust_741,delivered,2023-11-16,2023-11-29,2023-11-26
ord_651,cust_468,delivered,2023-12-04,2023-12-18,2023-12-14
ord_652,cust_404,delivered,2023-04-05,2023-04-19,2023-04-15
ord_653,cust_201,delivered,2023-06-15,2023-06-18,2023-06-25
ord_654,cust_37,delivered,2023-02-01,2023-02-15,2023-02-11
ord_655,cust_771,delivered,2023-01-11,2023-01-25,2023-01-21
ord_656,cust_187,delivered,2023-10-28,2023-11-01,2023-11-07
ord_657,cust_56,delivered,2023-08-05,2023-08-17,2023-08-15
ord_658,cust_19,delivered,2023-10-16,2023-10-23,2023-10-26
ord_659,cust_272,delivered,2023-04-12,2023-04-15,2023-04-22
ord_660,cust_118,delivered,2023-09-24,2023-10-03,2023-10-04
ord_661,cust_582,delivered,2023-08-02,2023-08-04,2023-08-12
ord_662,cust_515,delivered,2023-06-28,2023-07-06,2023-07-08
ord_663,cust_220,delivered,2023-03-29,2023-04-01,2023-04-08
ord_664,cust_525,delivered,2023-02-10,2023-02-21,2023-02-20
ord_665,cust_514,delivered,2023-03-17,2023-03-30,2023-03-27
ord_666,cust_727,delivered,2023-02-15,2023-02-22,2023-02-25
ord_667,cust_740,delivered,2023-06-09,2023-06-22,2023-06-19
ord_668,cust_335,delivered,2023-03-21,2023-03-24,2023-03-31
ord_669,cust_697,delivered,2023-11-06,2023-11-09,2023-11-16
ord_670,cust_54,delivered,2023-03-27,2023-04-07,2023-04-06
ord_671,cust_499,delivered,2023-04-02,2023-04-16,2023-04-12
ord_672,cust_765,delivered,2023-05-28,2023-06-06,2023-06-07
ord_673,cust_535,delivered,2023-06-10,2023-06-23,2023-06-20
ord_674,cust_161,delivered,2023-07-21,2023-07-24,2023-07-31
ord_675,cust_669,delivered,2023-08-30,2023-09-07,2023-09-09
ord_676,cust_593,delivered,2023-12-19,2023-12-23,2023-12-29
ord_677,cust_158,delivered,2023-01-02,2023-01-11,2023-01-12
ord_678,cust_187,delivered,2023-08-13,2023-08-21,2023-08-23
ord_679,cust_59,delivered,2023-10-16,2023-10-25,2023-10-26
ord_680,cust_318,delivered,2023-08-21,2023-08-29,2023-08-31
ord_681,cust_210,delivered,2023-03-18,2023-03-30,2023-03-28
ord_682,cust_405,delivered,2023-04-26,2023-05-03,2023-05-06
ord_683,cust_663,delivered,2023-06-03,2023-06-17,2023-06-13
ord_684,cust_108,delivered,2023-04-13,2023-04-21,2023-04-23
ord_685,cust_75,delivered,2023-07-13,2023-07-19,2023-07-23
ord_686,cust_541,delivered,2023-06-15,2023-06-23,2023-06-25
ord_687,cust_313,delivered,2023-12-25,2023-12-27,2024-01-04
ord_688,cust_116,delivered,2023-03-31,2023-04-02,2023-04-10
ord_689,cust_703,delivered,2023-06-23,2023-07-03,2023-07-03
ord_690,cust_18,delivered,2023-05-02,2023-05-08,2023-05-12
ord_691,cust_431,delivered,2023-05-23,2023-06-06,2023-06-02
ord_692,cust_684,delivered,2023-04-16,2023-04-22,2023-04-26
ord_693,cust_739,delivered,2023-11-01,2023-11-05,2023-11-11
ord_694,cust_349,delivered,2023-12-26,2024-01-01,2024-01-05
ord_695,cust_182,delivered,2023-11-13,2023-11-17,2023-11-23
ord_696,cust_112,delivered,2023-05-03,2023-05-13,2023-05-13
ord_697,cust_182,delivered,2023-01-09,2023-01-19,2023-01-19
ord_698,cust_480,delivered,2023-09-19,2023-09-26,2023-09-29
ord_699,cust_145,delivered,2023-03-14,2023-03-16,2023-03-24
ord_700,cust_627,delivered,2023-12-25,2024-01-02,2024-01-04
ord_701,cust_112,delivered,2023-08-11,2023-08-19,2023-08-21
ord_702,cust_762,delivered,2023-02-10,2023-02-21,2023-02-20
ord_703,cust_475,delivered,2023-07-23,2023-08-03,2023-08-02
ord_704,cust_762,delivered,2023-09-21,2023-09-26,2023-10-01
ord_705,cust_302,delivered,2023-11-24,2023-12-03,2023-12-04
ord_706,cust_117,delivered,2023-06-27,2023-07-04,2023-07-07
ord_707,cust_160,delivered,2023-12-14,2023-12-19,2023-12-24
ord_708,cust_400,delivered,2023-11-14,2023-11-19,2023-11-24
ord_709,cust_197,delivered,2023-03-25,2023-03-28,2023-04-04
ord_710,cust_259,delivered,2023-11-14,2023-11-17,2023-11-24
ord_711,cust_659,delivered,2023-04-21,2023-05-04,2023-05-01
ord_712,cust_751,delivered,2023-09-08,2023-09-13,2023-09-18
ord_713,cust_46,delivered,2023-01-07,2023-01-13,2023-01-17
ord_714,cust_398,delivered,2023-03-25,2023-04-03,2023-04-04
ord_715,cust_709,delivered,2023-07-27,2023-08-03,2023-08-06
ord_716,cust_558,delivered,2023-11-10,2023-11-15,2023-11-20
ord_717,cust_77,delivered,2023-01-22,2023-02-05,2023-02-01
ord_718,cust_123,delivered,2023-01-03,2023-01-15,2023-01-13
ord_719,cust_74,delivered,2023-05-07,2023-05-15,2023-05-17
ord_720,cust_136,delivered,2023-10-24,2023-11-02,2023-11-03
ord_721,cust_601,delivered,2023-07-07,2023-07-10,2023-07-17
ord_722,cust_399,delivered,2023-12-28,2024-01-10,2024-01-07
ord_723,cust_504,delivered,2023-01-14,2023-01-22,2023-01-24
ord_724,cust_499,delivered,2023-01-12,2023-01-15,2023-01-22
ord_725,cust_572,delivered,2023-03-28,2023-03-31,2023-04-07
ord_726,cust_137,delivered,2023-01-12,2023-01-21,2023-01-22
ord_727,cust_49,delivered,2023-01-25,2023-01-28,2023-02-04
ord_728,cust_770,delivered,2023-10-28,2023-11-09,2023-11-07
ord_729,cust_618,delivered,2023-08-31,2023-09-10,2023-09-10
ord_730,cust_624,delivered,2023-05-02,2023-05-15,2023-05-12
ord_731,cust_253,delivered,2023-05-27,2023-05-29,2023-06-06
ord_732,cust_629,delivered,2023-02-24,2023-03-06,2023-03-06
ord_733,cust_709,delivered,2023-08-26,2023-08-28,2023-09-05
ord_734,cust_562,delivered,2023-12-22,2024-01-02,2024-01-01
ord_735,cust_756,delivered,2023-06-22,2023-07-06,2023-07-02
ord_736,cust_425,delivered,2023-08-09,2023-08-20,2023-08-19
ord_737,cust_546,delivered,2023-04-29,2023-05-02,2023-05-09
ord_738,cust_301,delivered,2023-11-05,2023-11-12,2023-11-15
ord_739,cust_580,delivered,2023-07-02,2023-07-09,2023-07-12
ord_740,cust_348,delivered,2023-10-15,2023-10-17,2023-10-25
ord_741,cust_48,delivered,2023-11-03,2023-11-11,2023-11-13
ord_742,cust_73,delivered,2023-10-27,2023-11-05,2023-11-06
ord_743,cust_703,delivered,2023-03-23,2023-03-26,2023-04-02
ord_744,cust_260,delivered,2023-07-30,2023-08-08,2023-08-09
ord_745,cust_355,delivered,2023-05-30,2023-06-09,2023-06-09
ord_746,cust_581,delivered,2023-02-06,2023-02-13,2023-02-16
ord_747,cust_601,delivered,2023-12-18,2023-12-24,2023-12-28
ord_748,cust_259,delivered,2023-11-08,2023-11-21,2023-11-18
ord_749,cust_637,delivered,2023-12-27,2024-01-06,2024-01-06
ord_750,cust_742,delivered,2023-02-28,2023-03-14,2023-03-10
ord_751,cust_294,delivered,2023-05-11,2023-05-24,2023-05-21
ord_752,cust_640,delivered,2023-07-21,2023-08-02,2023-07-31
ord_753,cust_791,delivered,2023-08-31,2023-09-10,2023-09-10
ord_754,cust_312,delivered,2023-02-04,2023-02-06,2023-02-14
ord_755,cust_611,delivered,2023-04-03,2023-04-15,2023-04-13
ord_756,cust_181,delivered,2023-07-26,2023-07-30,2023-08-05
ord_757,cust_685,delivered,2023-12-19,2023-12-29,2023-12-29
ord_758,cust_363,delivered,2023-11-28,2023-12-10,2023-12-08
ord_759,cust_187,delivered,2023-11-01,2023-11-04,2023-11-11
ord_760,cust_568,delivered,2023-12-16,2023-12-29,2023-12-26
ord_761,cust_542,delivered,2023-08-01,2023-08-06,2023-08-11
ord_762,cust_595,delivered,2023-06-08,2023-06-13,2023-06-18
ord_763,cust_663,delivered,2023-01-24,2023-01-27,2023-02-03
ord_764,cust_547,delivered,2023-10-20,2023-10-24,2023-10-30
ord_765,cust_724,delivered,2023-01-04,2023-01-18,2023-01-14
ord_766,cust_407,delivered,2023-08-08,2023-08-12,2023-08-18
ord_767,cust_617,delivered,2023-12-30,2024-01-01,2024-01-09
ord_768,cust_413,delivered,2023-01-20,2023-01-27,2023-01-30
ord_769,cust_341,delivered,2023-06-01,2023-06-10,2023-06-11
ord_770,cust_219,delivered,2023-02-19,2023-03-04,2023-03-01
ord_771,cust_162,delivered,2023-06-26,2023-06-30,2023-07-06
ord_772,cust_219,delivered,2023-04-06,2023-04-12,2023-04-16
ord_773,cust_269,delivered,2023-04-15,2023-04-17,2023-04-25
ord_774,cust_631,delivered,2023-09-07,2023-09-18,2023-09-17
ord_775,cust_399,delivered,2023-04-27,2023-05-05,2023-05-07
ord_776,cust_181,delivered,2023-12-20,2023-12-31,2023-12-30
ord_777,cust_617,delivered,2023-08-16,2023-08-30,2023-08-26
ord_778,cust_728,delivered,2023-03-07,2023-03-09,2023-03-17
ord_779,cust_204,delivered,2023-12-01,2023-12-14,2023-12-11
ord_780,cust_581,delivered,2023-09-19,2023-10-01,2023-09-29
ord_781,cust_555,delivered,2023-10-22,2023-11-01,2023-11-01
ord_782,cust_227,delivered,2023-08-31,2023-09-09,2023-09-10
ord_783,cust_695,delivered,2023-07-05,2023-07-13,2023-07-15
ord_784,cust_618,delivered,2023-09-03,2023-09-14,2023-09-13
ord_785,cust_595,delivered,2023-05-05,2023-05-13,2023-05-15
ord_786,cust_249,delivered,2023-09-25,2023-10-01,2023-10-05
ord_787,cust_440,delivered,2023-05-11,2023-05-17,2023-05-21
ord_788,cust_532,delivered,2023-08-25,2023-09-06,2023-09-04
ord_789,cust_195,delivered,2023-01-18,2023-02-01,2023-01-28
ord_790,cust_689,delivered,2023-02-09,2023-02-15,2023-02-19
ord_791,cust_518,delivered,2023-01-21,2023-01-23,2023-01-31
ord_792,cust_69,delivered,2023-08-13,2023-08-22,2023-08-23
ord_793,cust_638,delivered,2023-12-21,2024-01-03,2023-12-31
ord_794,cust_398,delivered,2023-10-09,2023-10-21,2023-10-19
ord_795,cust_671,delivered,2023-01-08,2023-01-10,2023-01-18
ord_796,cust_759,delivered,2023-04-10,2023-04-15,2023-04-20
ord_797,cust_202,delivered,2023-08-28,2023-09-07,2023-09-07
ord_798,cust_147,delivered,2023-03-28,2023-04-07,2023-04-07
ord_799,cust_471,delivered,2023-10-25,2023-10-31,2023-11-04
ord_800,cust_654,delivered,2023-01-14,2023-01-19,2023-01-24
ord_801,cust_198,delivered,2023-11-30,2023-12-04,2023-12-10
ord_802,cust_425,delivered,2023-01-02,2023-01-06,2023-01-12
ord_803,cust_665,delivered,2023-10-20,2023-11-02,2023-10-30
ord_804,cust_491,delivered,2023-11-21,2023-11-27,2023-12-01
ord_805,cust_141,delivered,2023-02-10,2023-02-21,2023-02-20
ord_806,cust_312,delivered,2023-11-14,2023-11-16,2023-11-24
ord_807,cust_164,delivered,2023-11-12,2023-11-18,2023-11-22
ord_808,cust_313,delivered,2023-04-21,2023-04-28,2023-05-01
ord_809,cust_20,delivered,2023-01-14,2023-01-22,2023-01-24
ord_810,cust_81,delivered,2023-08-19,2023-09-01,2023-08-29
ord_811,cust_580,delivered,2023-03-25,2023-04-04,2023-04-04
ord_812,cust_130,delivered,2023-05-10,2023-05-14,2023-05-20
ord_813,cust_598,delivered,2023-08-19,2023-08-22,2023-08-29
ord_814,cust_729,delivered,2023-11-22,2023-11-26,2023-12-02
ord_815,cust_304,delivered,2023-05-25,2023-06-07,2023-06-04
ord_816,cust_370,delivered,2023-12-11,2023-12-21,2023-12-21
ord_817,cust_383,delivered,2023-01-28,2023-02-10,2023-02-07
ord_818,cust_444,delivered,2023-03-07,2023-03-15,2023-03-17
ord_819,cust_424,delivered,2023-06-12,2023-06-22,2023-06-22
ord_820,cust_160,delivered,2023-08-17,2023-08-31,2023-08-27
ord_821,cust_177,delivered,2023-09-18,2023-09-21,2023-09-28
ord_822,cust_628,delivered,2023-06-13,2023-06-19,2023-06-23
ord_823,cust_707,delivered,2023-10-28,2023-11-11,2023-11-07
ord_824,cust_489,delivered,2023-10-30,2023-11-04,2023-11-09
ord_825,cust_326,delivered,2023-10-14,2023-10-17,2023-10-24
ord_826,cust_597,delivered,2023-01-10,2023-01-20,2023-01-20
ord_827,cust_288,delivered,2023-07-14,2023-07-24,2023-07-24
ord_828,cust_592,delivered,2023-04-28,2023-05-05,2023-05-08
ord_829,cust_663,delivered,2023-09-27,2023-10-09,2023-10-07
ord_830,cust_572,delivered,2023-03-21,2023-03-28,2023-03-31
ord_831,cust_572,delivered,2023-04-03,2023-04-12,2023-04-13
ord_832,cust_353,delivered,2023-09-23,2023-09-30,2023-10-03
ord_833,cust_27,delivered,2023-11-28,2023-11-30,2023-12-08
ord_834,cust_42,delivered,2023-12-16,2023-12-21,2023-12-26
ord_835,cust_680,delivered,2023-12-27,2024-01-10,2024-01-06
ord_836,cust_422,delivered,2023-09-14,2023-09-22,2023-09-24
ord_837,cust_597,delivered,2023-05-13,2023-05-27,2023-05-23
ord_838,cust_176,delivered,2023-10-03,2023-10-17,2023-10-13
ord_839,cust_528,delivered,2023-09-21,2023-09-24,2023-10-01
ord_840,cust_609,delivered,2023-06-20,2023-06-30,2023-06-30
ord_841,cust_493,delivered,2023-01-01,2023-01-10,2023-01-11
ord_842,cust_197,delivered,2023-11-09,2023-11-18,2023-11-19
ord_843,cust_609,delivered,2023-03-05,2023-03-13,2023-03-15
ord_844,cust_576,delivered,2023-10-11,2023-10-16,2023-10-21
ord_845,cust_516,delivered,2023-05-01,2023-05-04,2023-05-11
ord_846,cust_513,delivered,2023-04-17,2023-04-21,2023-04-27
ord_847,cust_21,delivered,2023-06-24,2023-07-07,2023-07-04
ord_848,cust_111,delivered,2023-07-23,2023-07-30,2023-08-02
ord_849,cust_56,delivered,2023-06-14,2023-06-27,2023-06-24
ord_850,cust_65,delivered,2023-11-01,2023-11-14,2023-11-11
ord_851,cust_97,delivered,2023-04-30,2023-05-06,2023-05-10
ord_852,cust_143,delivered,2023-02-13,2023-02-26,2023-02-23
ord_853,cust_434,delivered,2023-11-08,2023-11-17,2023-11-18
ord_854,cust_636,delivered,2023-06-05,2023-06-12,2023-06-15
ord_855,cust_678,delivered,2023-07-26,2023-08-02,2023-08-05
ord_856,cust_85,delivered,2023-04-18,2023-04-20,2023-04-28
ord_857,cust_587,delivered,2023-09-08,2023-09-13,2023-09-18
ord_858,cust_343,delivered,2023-11-30,2023-12-06,2023-12-10
ord_859,cust_293,delivered,2023-05-10,2023-05-23,2023-05-20
ord_860,cust_570,delivered,2023-10-20,2023-11-01,2023-10-30
ord_861,cust_649,delivered,2023-01-20,2023-01-24,2023-01-30
ord_862,cust_610,delivered,2023-10-09,2023-10-23,2023-10-19
ord_863,cust_703,delivered,2023-10-12,2023-10-22,2023-10-22
ord_864,cust_242,delivered,2023-01-01,2023-01-03,2023-01-11
ord_865,cust_560,delivered,2023-04-29,2023-05-06,2023-05-09
ord_866,cust_31,delivered,2023-02-04,2023-02-11,2023-02-14
ord_867,cust_390,delivered,2023-07-17,2023-07-28,2023-07-27
ord_868,cust_276,delivered,2023-09-02,2023-09-08,2023-09-12
ord_869,cust_531,delivered,2023-02-28,2023-03-13,2023-03-10
ord_870,cust_153,delivered,2023-11-21,2023-11-27,2023-12-01
ord_871,cust_382,delivered,2023-06-10,2023-06-21,2023-06-20
ord_872,cust_67,delivered,2023-06-28,2023-07-12,2023-07-08
ord_873,cust_213,delivered,2023-07-25,2023-07-31,2023-08-04
ord_874,cust_654,delivered,2023-01-12,2023-01-19,2023-01-22
ord_875,cust_375,delivered,2023-10-03,2023-10-12,2023-10-13
ord_876,cust_743,delivered,2023-06-30,2023-07-03,2023-07-10
ord_877,cust_212,delivered,2023-08-30,2023-09-06,2023-09-09
ord_878,cust_78,delivered,2023-08-04,2023-08-06,2023-08-14
ord_879,cust_725,delivered,2023-09-08,2023-09-13,2023-09-18
ord_880,cust_627,delivered,2023-10-26,2023-11-06,2023-11-05
ord_881,cust_603,delivered,2023-05-06,2023-05-10,2023-05-16
ord_882,cust_781,delivered,2023-08-05,2023-08-15,2023-08-15
ord_883,cust_380,delivered,2023-11-02,2023-11-06,2023-11-12
ord_884,cust_679,delivered,2023-10-12,2023-10-19,2023-10-22
ord_885,cust_57,delivered,2023-07-04,2023-07-06,2023-07-14
ord_886,cust_795,delivered,2023-02-08,2023-02-21,2023-02-18
ord_887,cust_25,delivered,2023-08-11,2023-08-18,2023-08-21
ord_888,cust_446,delivered,2023-07-03,2023-07-08,2023-07-13
ord_889,cust_65,delivered,2023-06-27,2023-07-06,2023-07-07
ord_890,cust_759,delivered,2023-10-21,2023-11-04,2023-10-31
ord_891,cust_253,delivered,2023-12-06,2023-12-18,2023-12-16
ord_892,cust_43,delivered,2023-05-31,2023-06-10,2023-06-10
ord_893,cust_96,delivered,2023-05-06,2023-05-11,2023-05-16
ord_894,cust_553,delivered,2023-10-28,2023-11-08,2023-11-07
ord_895,cust_226,delivered,2023-11-04,2023-11-17,2023-11-14
ord_896,cust_773,delivered,2023-12-02,2023-12-13,2023-12-12
ord_897,cust_678,delivered,2023-08-22,2023-08-29,2023-09-01
ord_898,cust_435,delivered,2023-01-08,2023-01-10,2023-01-18
ord_899,cust_790,delivered,2023-12-07,2023-12-12,2023-12-17
ord_900,cust_600,delivered,2023-05-09,2023-05-17,2023-05-19
ord_901,cust_378,delivered,2023-09-21,2023-10-04,2023-10-01
ord_902,cust_177,delivered,2023-06-06,2023-06-08,2023-06-16
ord_903,cust_426,delivered,2023-12-18,2023-12-27,2023-12-28
ord_904,cust_708,delivered,2023-12-24,2024-01-06,2024-01-03
ord_905,cust_306,delivered,2023-01-05,2023-01-16,2023-01-15
ord_906,cust_778,delivered,2023-03-27,2023-04-09,2023-04-06
ord_907,cust_503,delivered,2023-06-24,2023-07-06,2023-07-04
ord_908,cust_267,delivered,2023-10-17,2023-10-24,2023-10-27
ord_909,cust_585,delivered,2023-07-12,2023-07-18,2023-07-22
ord_910,cust_7,delivered,2023-11-07,2023-11-18,2023-11-17
ord_911,cust_507,delivered,2023-04-29,2023-05-11,2023-05-09
ord_912,cust_475,delivered,2023-08-06,2023-08-16,2023-08-16
ord_913,cust_296,delivered,2023-04-24,2023-04-27,2023-05-04
ord_914,cust_163,delivered,2023-05-25,2023-05-31,2023-06-04
ord_915,cust_484,delivered,2023-01-26,2023-02-02,2023-02-05
ord_916,cust_596,delivered,2023-05-16,2023-05-24,2023-05-26
ord_917,cust_71,delivered,2023-10-30,2023-11-05,2023-11-09
ord_918,cust_566,delivered,2023-08-20,2023-08-30,2023-08-30
ord_919,cust_558,delivered,2023-03-17,2023-03-19,2023-03-27
ord_920,cust_237,delivered,2023-11-24,2023-12-02,2023-12-04
ord_921,cust_103,delivered,2023-12-11,2023-12-22,2023-12-21
ord_922,cust_209,delivered,2023-10-29,2023-11-06,2023-11-08
ord_923,cust_553,delivered,2023-10-16,2023-10-21,2023-10-26
ord_924,cust_467,delivered,2023-01-01,2023-01-11,2023-01-11
ord_925,cust_453,delivered,2023-05-27,2023-06-09,2023-06-06
ord_926,cust_267,delivered,2023-10-14,2023-10-26,2023-10-24
ord_927,cust_385,delivered,2023-05-22,2023-05-28,2023-06-01
ord_928,cust_774,delivered,2023-02-22,2023-02-27,2023-03-04
ord_929,cust_386,delivered,2023-10-31,2023-11-14,2023-11-10
ord_930,cust_258,delivered,2023-03-10,2023-03-18,2023-03-20
ord_931,cust_282,delivered,2023-12-27,2024-01-01,2024-01-06
ord_932,cust_625,delivered,2023-03-31,2023-04-04,2023-04-10
ord_933,cust_39,delivered,2023-08-08,2023-08-18,2023-08-18
ord_934,cust_485,delivered,2023-07-11,2023-07-23,2023-07-21
ord_935,cust_219,delivered,2023-03-04,2023-03-13,2023-03-14
ord_936,cust_128,delivered,2023-03-14,2023-03-16,2023-03-24
ord_937,cust_519,delivered,2023-06-10,2023-06-18,2023-06-20
ord_938,cust_612,delivered,2023-06-18,2023-06-28,2023-06-28
ord_939,cust_687,delivered,2023-03-30,2023-04-08,2023-04-09
ord_940,cust_618,delivered,2023-06-25,2023-07-04,2023-07-05
ord_941,cust_612,delivered,2023-09-26,2023-10-10,2023-10-06
ord_942,cust_259,delivered,2023-03-14,2023-03-21,2023-03-24
ord_943,cust_365,delivered,2023-09-02,2023-09-14,2023-09-12
ord_944,cust_757,delivered,2023-03-18,2023-03-23,2023-03-28
ord_945,cust_786,delivered,2023-06-08,2023-06-17,2023-06-18
ord_946,cust_543,delivered,2023-11-20,2023-11-24,2023-11-30
ord_947,cust_648,delivered,2023-04-08,2023-04-22,2023-04-18
ord_948,cust_523,delivered,2023-04-12,2023-04-22,2023-04-22
ord_949,cust_15,delivered,2023-05-12,2023-05-26,2023-05-22
ord_950,cust_128,delivered,2023-04-12,2023-04-15,2023-04-22
ord_951,cust_574,delivered,2023-01-19,2023-01-22,2023-01-29
ord_952,cust_108,delivered,2023-03-23,2023-04-05,2023-04-02
ord_953,cust_532,delivered,2023-10-06,2023-10-20,2023-10-16
ord_954,cust_669,delivered,2023-12-05,2023-12-18,2023-12-15
ord_955,cust_268,delivered,2023-12-31,2024-01-08,2024-01-10
ord_956,cust_161,delivered,2023-11-27,2023-12-10,2023-12-07
ord_957,cust_259,delivered,2023-05-09,2023-05-20,2023-05-19
ord_958,cust_101,delivered,2023-12-10,2023-12-15,2023-12-20
ord_959,cust_505,delivered,2023-11-06,2023-11-17,2023-11-16
ord_960,cust_734,delivered,2023-03-30,2023-04-08,2023-04-09
ord_961,cust_570,delivered,2023-08-01,2023-08-11,2023-08-11
ord_962,cust_246,delivered,2023-05-23,2023-05-31,2023-06-02
ord_963,cust_639,delivered,2023-03-06,2023-03-12,2023-03-16
ord_964,cust_794,delivered,2023-03-17,2023-03-26,2023-03-27
ord_965,cust_536,delivered,2023-07-18,2023-07-23,2023-07-28
ord_966,cust_130,delivered,2023-05-23,2023-05-26,2023-06-02
ord_967,cust_352,delivered,2023-11-12,2023-11-24,2023-11-22
ord_968,cust_195,delivered,2023-04-03,2023-04-16,2023-04-13
ord_969,cust_792,delivered,2023-11-01,2023-11-08,2023-11-11
ord_970,cust_665,delivered,2023-08-12,2023-08-22,2023-08-22
ord_971,cust_381,delivered,2023-10-18,2023-10-20,2023-10-28
ord_972,cust_644,delivered,2023-04-12,2023-04-24,2023-04-22
ord_973,cust_226,delivered,2023-09-24,2023-10-05,2023-10-04
ord_974,cust_700,delivered,2023-12-21,2024-01-03,2023-12-31
ord_975,cust_475,delivered,2023-04-20,2023-04-28,2023-04-30
ord_976,cust_476,delivered,2023-11-26,2023-12-07,2023-12-06
ord_977,cust_264,delivered,2023-09-22,2023-10-02,2023-10-02
ord_978,cust_371,delivered,2023-01-03,2023-01-14,2023-01-13
ord_979,cust_485,delivered,2023-03-26,2023-04-05,2023-04-05
ord_980,cust_433,delivered,2023-10-09,2023-10-20,2023-10-19
ord_981,cust_645,delivered,2023-11-24,2023-12-06,2023-12-04
ord_982,cust_210,delivered,2023-10-31,2023-11-14,2023-11-10
ord_983,cust_571,delivered,2023-04-27,2023-05-01,2023-05-07
ord_984,cust_376,delivered,2023-08-09,2023-08-21,2023-08-19
ord_985,cust_394,delivered,2023-06-03,2023-06-17,2023-06-13
ord_986,cust_449,delivered,2023-06-02,2023-06-08,2023-06-12
ord_987,cust_363,delivered,2023-01-12,2023-01-21,2023-01-22
ord_988,cust_456,delivered,2023-05-13,2023-05-22,2023-05-23
ord_989,cust_724,delivered,2023-10-31,2023-11-05,2023-11-10
ord_990,cust_727,delivered,2023-10-20,2023-11-02,2023-10-30
ord_991,cust_225,delivered,2023-10-27,2023-11-08,2023-11-06
ord_992,cust_130,delivered,2023-08-16,2023-08-28,2023-08-26
ord_993,cust_587,delivered,2023-09-28,2023-09-30,2023-10-08
ord_994,cust_475,delivered,2023-02-12,2023-02-14,2023-02-22
ord_995,cust_797,delivered,2023-12-09,2023-12-14,2023-12-19
ord_996,cust_276,delivered,2023-11-22,2023-11-29,2023-12-02
ord_997,cust_155,delivered,2023-10-29,2023-11-07,2023-11-08
ord_998,cust_759,delivered,2023-12-30,2024-01-06,2024-01-09
ord_999,cust_217,delivered,2023-01-21,2023-02-03,2023-01-31
