order_id,order_item_id,product_id,price,freight_value
ord_752,1,prod_4,305.18809412309963,22.229741627788258
ord_271,1,prod_20,217.4597942780429,37.35840292298653
ord_570,1,prod_11,80.66548275472022,29.638304782699752
ord_798,1,prod_49,33.36507563715843,47.470015011576606
ord_937,1,prod_3,318.91149550055997,16.290064244034713
ord_201,1,prod_48,407.2436306187805,9.525322943754997
ord_31,1,prod_41,424.1675175232371,22.696766829464686
ord_442,1,prod_19,251.70246707692854,32.75207184410492
ord_161,1,prod_37,393.1786242475451,43.735952161197275
ord_766,1,prod_24,342.96662407450145,20.578859900614745
ord_253,1,prod_13,367.64217319958397,34.42040380060077
ord_520,1,prod_10,256.44752250647076,20.758940646044856
ord_976,1,prod_31,324.037635316221,32.774881234750616
ord_650,1,prod_10,406.65243851650735,44.81635761637929
ord_479,1,prod_17,210.98440426737108,15.411093901673405
ord_9,1,prod_26,406.8698724164402,23.19087389481676
ord_725,1,prod_17,304.1680845387502,49.69693383933859
ord_504,1,prod_22,99.6324916979774,44.085066271225735
ord_784,1,prod_10,31.848395467800614,30.408793605329087
ord_835,1,prod_20,194.12172819159298,28.24824163344239
ord_559,1,prod_43,282.4142375822431,17.807017203710643
ord_435,1,prod_4,423.1137690576744,28.274424246208824
ord_110,1,prod_22,81.19312646731817,43.16816742259762
ord_152,1,prod_40,404.099046888118,35.83285309750012
ord_634,1,prod_24,434.24434211226895,18.051981268009396
ord_916,1,prod_40,92.32999376040021,14.065876447408982
ord_868,1,prod_9,428.76527326602513,16.93438416485731
ord_101,1,prod_21,495.8977125645402,12.639164062677192
ord_752,1,prod_18,368.88263890315403,9.303831321067218
ord_832,1,prod_0,396.6894472759942,23.861127849892473
ord_190,1,prod_6,497.31932842825927,10.098482197922046
ord_728,1,prod_3,310.63100025245376,12.736065097719695
ord_562,1,prod_0,167.7854633677997,29.629610795276875
ord_803,1,prod_14,422.0148003565067,12.406967316480863
ord_80,1,prod_39,314.95317320558297,7.874589534390628
ord_488,1,prod_11,298.97380338605916,19.282498251254836
ord_894,1,prod_21,141.74506664673837,14.914359437988539
ord_87,1,prod_21,383.0404493997856,28.188733459746953
ord_193,1,prod_49,59.2002924128462,9.60651880624442
ord_103,1,prod_46,463.6577939814374,38.829685445734015
ord_782,1,prod_16,176.39526116983268,45.78050837458124
ord_95,1,prod_28,81.33183333919541,38.45458282802875
ord_422,1,prod_45,232.33593588916102,28.977216683062743
ord_890,1,prod_13,40.38555644313591,43.73005198049983
ord_197,1,prod_49,348.6205732471838,36.27132709016784
ord_0,1,prod_19,453.29864501377097,5.474800510258543
ord_406,1,prod_49,421.8862434264842,22.73405687485264
ord_377,1,prod_47,81.13734725498291,43.292835473306
ord_166,1,prod_32,80.61014581171129,20.563648608887117
ord_508,1,prod_42,410.4485515156467,6.584682808648558
ord_637,1,prod_14,463.6420518094956,38.57808373485226
ord_312,1,prod_11,241.12151832007478,41.091722162729084
ord_592,1,prod_39,259.5061361186076,12.226716276948885
ord_417,1,prod_19,172.76577986514843,29.180322357943155
ord_762,1,prod_29,449.2472567630787,13.637994754807659
ord_680,1,prod_37,329.5533945403308,37.36554885698661
ord_476,1,prod_2,158.36075704033686,17.219770482986853
ord_72,1,prod_27,163.41577810604076,19.229680515349855
ord_140,1,prod_25,447.77603507052913,43.023688413804564
ord_581,1,prod_29,26.544331474794305,26.434505849310696
ord_261,1,prod_12,174.90875490878642,35.13895030482115
ord_339,1,prod_12,286.09120698385715,23.106787282511043
ord_307,1,prod_1,91.14438180767581,18.410308573718993
ord_244,1,prod_36,64.2074020158031,33.146512719109765
ord_514,1,prod_48,411.3326389234688,11.968590833546958
ord_336,1,prod_37,449.3141065512835,21.784992600508836
ord_574,1,prod_1,415.33108198313096,14.406666682366502
ord_560,1,prod_35,451.4181870739269,36.31077351233355
ord_75,1,prod_25,285.49374610801834,47.48939772557484
ord_879,1,prod_10,409.88389807536413,49.797993560713984
ord_174,1,prod_7,204.3404664277282,25.262456469871584
ord_108,1,prod_43,339.80857350993847,16.36386753364
ord_182,1,prod_39,494.64105506679897,24.927321667294585
ord_191,1,prod_42,128.34930744278117,43.12712344832257
ord_64,1,prod_21,207.1518782197187,14.270255534841795
ord_848,1,prod_19,250.4227411088411,47.84430432438157
ord_962,1,prod_7,86.24743376962483,20.383959595916796
ord_473,1,prod_28,58.89853302322726,49.36116467526372
ord_782,1,prod_39,418.2669758343797,42.7373999390283
ord_99,1,prod_25,488.8612989572414,41.385674036632565
ord_543,1,prod_29,214.26803063823616,19.30571031979776
ord_863,1,prod_16,62.07192137343357,5.394974537656826
ord_127,1,prod_19,51.589645131476715,22.195980897169452
ord_451,1,prod_15,447.83273905294334,18.581421634821215
ord_913,1,prod_45,242.63083986928638,6.682864568395878
ord_368,1,prod_42,173.61311194994812,27.741436542766834
ord_850,1,prod_6,248.70141019491177,23.13640900772315
ord_42,1,prod_15,172.7859654523267,33.555041048368615
ord_883,1,prod_44,254.7371721476576,32.95338449873374
ord_418,1,prod_46,432.5870705206097,10.433598615350604
ord_487,1,prod_47,304.3046581098059,48.963449575698014
ord_77,1,prod_26,353.4338109488842,13.411914324865112
ord_825,1,prod_22,195.04192459248156,25.037331114411707
ord_800,1,prod_23,374.482821685049,26.96528945451807
ord_269,1,prod_8,339.97620074209874,41.587825874635406
ord_673,1,prod_34,77.38975892098709,9.465331824259104
ord_700,1,prod_19,294.8685694954806,24.28899256438393
ord_758,1,prod_36,143.23687822868385,33.28259766062918
ord_899,1,prod_41,405.96592142412453,14.6820029730825
ord_727,1,prod_16,224.45010006413094,33.23605544447328
ord_314,1,prod_46,497.44839929431384,46.56491768973437
ord_924,1,prod_30,64.40021021070262,49.88831590277037
ord_850,1,prod_7,394.5669741152761,6.460298455580407
ord_901,1,prod_14,343.3768321002351,15.601470271010488
ord_888,1,prod_30,388.3994386835386,18.963820210626388
ord_992,1,prod_29,167.61430183541904,22.960674520023474
ord_944,1,prod_45,256.1861549035523,15.901572091314533
ord_167,1,prod_19,402.32408946738,14.156959754989064
ord_338,1,prod_38,131.6198391780104,47.954922908787495
ord_192,1,prod_11,128.495934458553,46.33347212467331
ord_452,1,prod_48,284.5044575815675,7.114662545140286
ord_282,1,prod_16,271.3105181743308,20.246585972218167
ord_335,1,prod_41,155.48598579820776,23.231684915528298
ord_389,1,prod_29,163.07631225191494,15.755654059967451
ord_999,1,prod_28,153.36567833915143,33.2992803644679
ord_524,1,prod_18,390.3257897592741,33.81713359899085
ord_239,1,prod_45,332.9124154699811,43.27269027478687
ord_831,1,prod_10,419.5602480369213,38.339117077334805
ord_957,1,prod_33,488.22705359073046,29.415799713468004
ord_482,1,prod_49,247.59886221055348,34.41140465199889
ord_658,1,prod_6,52.013063074615445,17.329495169435816
ord_715,1,prod_43,43.08430899777701,31.687528548531095
ord_591,1,prod_33,161.91921885037718,27.015226463746366
ord_890,1,prod_19,467.6214028891764,11.000501029236668
ord_554,1,prod_49,271.14226638601997,15.914492446233682
ord_457,1,prod_37,150.457527718462,18.12620528247137
ord_88,1,prod_23,211.60006136528938,46.59393051736511
ord_659,1,prod_9,307.325651554242,15.367398772365025
ord_94,1,prod_31,333.41583590616426,18.015975626885066
ord_451,1,prod_14,93.88136469579442,21.620935854024452
ord_427,1,prod_36,488.9752047416845,34.86842323814241
ord_150,1,prod_19,281.49066895173866,10.320727661246323
ord_513,1,prod_2,85.13039254029407,47.927534562219925
ord_375,1,prod_36,448.9449216061442,43.950704904264406
ord_21,1,prod_39,55.826446918125825,30.974723285402757
ord_882,1,prod_7,455.7130079252061,35.33170403412305
ord_312,1,prod_39,498.35151501871155,5.74972120598972
ord_996,1,prod_43,356.20726359512184,20.25251489068019
ord_839,1,prod_22,389.8146661155151,40.80471037976489
ord_518,1,prod_39,181.90536150439345,8.486733820657365
ord_205,1,prod_10,471.9568893122882,17.70412253948241
ord_951,1,prod_45,274.26270373201646,31.338357275044007
ord_374,1,prod_7,371.5464543668263,16.538586246452383
ord_450,1,prod_28,463.57170363741415,47.029008836503365
ord_625,1,prod_29,488.08638846824397,10.897638386193066
ord_783,1,prod_9,419.9380911664037,40.88274610585004
ord_594,1,prod_38,165.4484033513744,27.85769113578837
ord_178,1,prod_27,483.9428079449995,38.76488491189802
ord_209,1,prod_48,321.49737499691446,18.982189774015133
ord_499,1,prod_35,466.70838864894074,28.152032104041744
ord_463,1,prod_12,344.5304123908889,43.55759073754293
ord_839,1,prod_31,167.47470168690583,26.009514460539698
ord_123,1,prod_35,197.61177158855165,21.187393785962133
ord_992,1,prod_36,284.22645300941144,29.126992381373125
ord_112,1,prod_25,399.20712394874334,37.28132388663651
ord_11,1,prod_21,172.63162464336077,24.960350547432622
ord_125,1,prod_3,298.2709597444122,47.249463881402285
ord_564,1,prod_30,185.89999691667273,18.27256208190539
ord_330,1,prod_17,411.56931422485144,26.39586227761042
ord_900,1,prod_37,244.0294850086162,39.06174467036487
ord_282,1,prod_23,56.82695688938491,36.010449072309115
ord_139,1,prod_22,99.70521031113746,43.86384735877203
ord_400,1,prod_21,49.3302404574235,49.8564131306499
ord_901,1,prod_1,259.6654140868761,24.20862479577903
ord_96,1,prod_30,71.04190272714904,10.001789590249032
ord_516,1,prod_10,74.7871852686234,6.368714636358559
ord_568,1,prod_27,471.703164818421,37.709460776289724
ord_923,1,prod_45,438.8744346445066,44.330615208892205
ord_845,1,prod_31,237.00156646945567,14.932066367498841
ord_68,1,prod_4,493.18655400809877,12.130161673545768
ord_117,1,prod_37,20.089533521918295,7.799229118656094
ord_887,1,prod_9,314.710139011229,42.02163147727429
ord_58,1,prod_39,315.88552513849766,19.012187295166296
ord_32,1,prod_45,239.57266681754635,23.076360174189944
ord_317,1,prod_23,210.53502700846056,27.623758622432554
ord_49,1,prod_34,238.58390503069165,42.77539553942979
ord_879,1,prod_43,219.18100931824662,34.28749497026682
ord_488,1,prod_47,370.6363891915037,32.67790834360151
ord_18,1,prod_22,84.97060878717635,12.905244498015982
ord_725,1,prod_16,114.86682588374248,28.093545126942338
ord_196,1,prod_0,106.64874962836333,37.192145773039485
ord_890,1,prod_30,145.98588085820697,48.79673973637213
ord_449,1,prod_30,272.12404101515995,14.06328391460085
ord_989,1,prod_41,73.38019872234499,5.429450888025199
ord_558,1,prod_41,436.72126175672196,8.388564511931138
ord_678,1,prod_33,162.7335350280667,21.913360933189065
ord_451,1,prod_8,98.01823398497976,41.92450914856942
ord_288,1,prod_21,344.2982286071568,5.3213936795710275
ord_140,1,prod_12,38.281424287673254,25.552876679862813
ord_83,1,prod_24,317.58491113959883,19.81537769036275
ord_693,1,prod_47,355.1352467247199,7.361676954487741
ord_390,1,prod_17,123.1599350656252,25.260632900267776
ord_590,1,prod_11,40.142755252944454,16.46369183015235
ord_214,1,prod_39,194.5497722813358,20.83481754561529
ord_525,1,prod_16,67.32523051612951,36.75268871529319
ord_214,1,prod_14,75.90936784320179,28.469794275993518
ord_402,1,prod_41,142.045391093535,10.609134304676601
ord_127,1,prod_14,161.82460382084446,48.263654319063754
ord_821,1,prod_14,274.3857636902819,33.61598445693822
ord_476,1,prod_38,345.6281050414463,39.464079154813916
ord_759,1,prod_12,304.5300516176887,8.564591750376687
ord_403,1,prod_16,91.21296189896808,7.117627075700851
ord_28,1,prod_31,102.60129557726069,5.8751622665636525
ord_791,1,prod_8,441.809239900599,13.495731249805
ord_337,1,prod_39,288.0091112307746,23.64837789733228
ord_830,1,prod_19,437.5701597908907,47.112176003127026
ord_713,1,prod_25,198.3423254335397,25.567684666959934
ord_360,1,prod_26,314.9120035670354,18.061479741763826
ord_568,1,prod_20,271.3584397062132,30.28708640838485
ord_391,1,prod_17,173.17927511382203,10.037056016065517
ord_217,1,prod_12,245.55937857612577,32.427765095224245
ord_573,1,prod_15,261.19562087692736,30.579437944872648
ord_668,1,prod_8,116.37006788320573,40.63968650325694
ord_201,1,prod_11,171.20497874083117,49.40094252276609
ord_16,1,prod_43,399.8766802433483,16.289306227224973
ord_321,1,prod_37,459.57835493798103,27.93454028616923
ord_517,1,prod_18,192.70116490174374,45.89894328435516
ord_569,1,prod_6,167.34669546032873,40.33354479902786
ord_324,1,prod_34,113.6946389945036,26.93328363953634
ord_411,1,prod_47,345.675760952279,47.541724232665004
ord_317,1,prod_17,175.0878567998419,7.5756512082564225
ord_680,1,prod_15,494.11977876761046,46.894937887066284
ord_964,1,prod_38,176.32870499069756,7.272832657226295
ord_81,1,prod_3,209.1853024556615,29.628713485160795
ord_473,1,prod_24,309.60041418177667,45.069842660048856
ord_467,1,prod_31,404.80846073182636,16.822442460258628
ord_424,1,prod_39,245.36895936590417,26.251182452532134
ord_944,1,prod_12,222.8748962187,19.594799561163498
ord_730,1,prod_44,497.906160125508,47.846476268435815
ord_688,1,prod_16,25.036947747173333,42.06405176388909
ord_203,1,prod_48,449.631338648598,36.905068009687085
ord_582,1,prod_36,91.58759645107396,31.443214397679892
ord_386,1,prod_5,397.2441325802784,41.926630519586666
ord_777,1,prod_18,316.60714872622304,22.652016868559617
ord_97,1,prod_12,184.08669703908419,25.139833479772786
ord_344,1,prod_25,439.45997865008883,37.850077448638764
ord_802,1,prod_13,26.195469430876148,21.09896434821714
ord_207,1,prod_30,128.81151299596337,7.875542392176822
ord_513,1,prod_3,292.1085421997773,8.345057399873216
ord_635,1,prod_38,188.74028482385506,10.191326058756674
ord_791,1,prod_7,312.98119775279724,44.13565955046482
ord_585,1,prod_24,31.572892836160076,26.250189159029194
ord_165,1,prod_12,75.900286631222,37.07970662051314
ord_21,1,prod_31,81.00619530485083,22.6809201022202
ord_153,1,prod_37,110.85615003968454,16.641992633703552
ord_938,1,prod_37,240.47909158426054,20.623647540299537
ord_438,1,prod_27,381.0217757809142,40.73820553927326
ord_294,1,prod_29,454.6586422058725,33.13472562641472
ord_218,1,prod_2,420.9788145364381,47.193790098105595
ord_668,1,prod_27,114.50617845232811,35.586715035957525
ord_494,1,prod_2,231.75226507070354,30.658173428961227
ord_229,1,prod_44,115.7175669240968,32.458820404362555
ord_19,1,prod_33,146.94647200025156,47.40671477607866
ord_986,1,prod_15,261.7025511257053,40.46904184400177
ord_552,1,prod_21,52.69233186729082,6.081855681489702
ord_949,1,prod_31,124.72367820477115,29.036286326106374
ord_147,1,prod_37,468.9815174274163,35.97522851959542
ord_107,1,prod_7,243.7358204760747,38.69143152976198
ord_402,1,prod_7,233.78553246937867,14.59139536912715
ord_595,1,prod_5,26.99223428061387,44.02298095031085
ord_482,1,prod_13,138.75187858800598,48.012941622882366
ord_366,1,prod_31,435.820369271447,15.65218876301914
ord_833,1,prod_34,99.02164556416099,44.71769558827606
ord_413,1,prod_9,219.25997097666612,9.364044313224293
ord_308,1,prod_2,26.8788348161606,7.506807625186033
ord_801,1,prod_11,249.60103120186682,10.815071004623722
ord_917,1,prod_48,30.090131228584234,7.59834857601662
ord_834,1,prod_30,413.41258547158395,43.02555067200991
ord_133,1,prod_28,415.9298083938097,7.657256500622237
ord_718,1,prod_4,398.1162503851375,17.2248886113645
ord_282,1,prod_24,156.01475306773673,9.669035459113537
ord_777,1,prod_40,421.8738647464727,18.293991634119422
ord_72,1,prod_30,280.63910365052925,9.075176042041422
ord_480,1,prod_20,199.42789225616116,35.06014628343563
ord_351,1,prod_19,320.15838065803183,10.99970673541588
ord_559,1,prod_38,25.923702108979523,43.33306666274996
ord_325,1,prod_21,88.62122124836104,41.773597282698844
ord_744,1,prod_3,376.30089832172615,5.614775846177424
ord_442,1,prod_12,137.19757218375344,45.307685998180155
ord_99,1,prod_44,307.0443763177998,6.302494253451518
ord_58,1,prod_41,204.84924935505424,15.784060323090047
ord_507,1,prod_49,430.30677382364547,6.457511199919778
ord_257,1,prod_48,477.15934687838893,20.11295691676922
ord_412,1,prod_19,444.1110696176914,28.123993657097223
ord_451,1,prod_12,149.8975974529264,40.849019105681215
ord_64,1,prod_16,113.19817714211949,20.209169771142626
ord_594,1,prod_35,247.7287489379528,36.74705111029026
ord_153,1,prod_32,23.520392401366532,13.437700570354115
ord_984,1,prod_0,32.38850857432723,38.77693055348569
ord_265,1,prod_14,285.57950701904,15.61984726591569
ord_820,1,prod_12,269.8157139993373,11.459514017469557
ord_78,1,prod_16,497.3993547369248,13.343398266832443
ord_314,1,prod_23,116.88408097460389,13.192840799683493
ord_661,1,prod_7,143.88988599702486,28.0788295719646
ord_946,1,prod_49,74.49950831661761,43.015891153466576
ord_559,1,prod_26,460.42064463379745,8.582228464662753
ord_916,1,prod_44,393.3493973400563,36.81303433220402
ord_890,1,prod_22,414.7227734992868,34.445590684378594
ord_247,1,prod_45,453.3266182229642,44.26339783232131
ord_789,1,prod_7,271.95199362840236,15.986640222810825
ord_867,1,prod_7,236.57273189634736,25.254943640826333
ord_609,1,prod_25,178.58790735949592,46.66223184995828
ord_413,1,prod_46,302.8230148869706,34.699705256089274
ord_24,1,prod_12,238.0536304591148,22.49457857877186
ord_283,1,prod_38,236.75148157067605,10.91355722848708
ord_448,1,prod_36,469.72537459094667,16.811825355526597
ord_880,1,prod_48,492.3351268539825,31.15469648702225
ord_300,1,prod_27,402.31250687819875,37.317557640223114
ord_67,1,prod_24,383.2438833185256,10.598984908335208
ord_6,1,prod_15,346.6679176539687,31.98187670198243
ord_816,1,prod_1,99.71592912008659,29.765807547743794
ord_136,1,prod_17,48.37079402031417,28.12799510108186
ord_163,1,prod_16,351.5486312543663,36.055540295690356
ord_82,1,prod_29,369.8173866831565,42.685231778755785
ord_896,1,prod_38,42.5470357271071,19.53453574295908
ord_649,1,prod_12,465.4648401098471,45.005548554993176
ord_419,1,prod_31,63.74750693344522,12.22851256783478
ord_72,1,prod_49,157.23225621017716,12.786074138802395
ord_236,1,prod_28,342.74711014337817,17.004742863076576
ord_45,1,prod_45,101.53884531414863,10.378889129618502
ord_617,1,prod_29,46.59962645227733,15.36436511072949
ord_927,1,prod_17,178.9503147987919,9.788529330628007
ord_799,1,prod_12,387.66635593048596,41.97885876434257
ord_261,1,prod_42,218.56576591292497,11.253604634898107
ord_175,1,prod_20,333.4270025158109,38.628390090193555
ord_165,1,prod_29,298.2171666695056,7.156124056100018
ord_656,1,prod_20,30.664871372278597,47.68341473812618
ord_841,1,prod_47,494.4991937819392,37.002203938749474
ord_369,1,prod_16,39.885482633306125,5.30584468637503
ord_794,1,prod_39,484.5453140712728,39.37354250900963
ord_53,1,prod_18,283.9348056149111,28.13368643447834
ord_689,1,prod_14,482.31633299123195,40.07143266508039
ord_418,1,prod_8,75.08172771864102,28.51235640007648
ord_755,1,prod_9,255.39608920904635,33.84611859359096
ord_506,1,prod_43,101.36196409570815,40.38492449277682
ord_340,1,prod_30,44.46794097077236,23.229862456453553
ord_126,1,prod_22,316.41397522990957,5.121866741920344
ord_408,1,prod_29,119.7360420616119,43.24759231753348
ord_923,1,prod_32,302.09456877802205,22.140066318109817
ord_366,1,prod_8,73.9349513355131,27.321922670746236
ord_270,1,prod_46,179.35350628769731,5.349498896928592
ord_643,1,prod_0,395.18362786555866,27.144140465754408
ord_604,1,prod_43,229.78473048425008,49.39193307072783
ord_378,1,prod_34,321.31779915072144,17.522044736844634
ord_72,1,prod_10,330.77981155786205,22.793822160907013
ord_922,1,prod_33,425.00242111390094,35.92354984109045
ord_921,1,prod_15,175.96294131518783,41.66571503856464
ord_914,1,prod_8,349.9018700396084,23.782623080274515
ord_247,1,prod_31,481.57558738215954,18.935099168058166
ord_859,1,prod_14,370.5168004917767,47.20216099932802
ord_784,1,prod_11,255.13782882451738,35.47152350022512
ord_42,1,prod_32,322.74437335612606,10.355958702191348
ord_376,1,prod_44,375.0477909262919,8.101754516059188
ord_40,1,prod_13,313.89236753305875,26.759743285566607
ord_169,1,prod_7,28.004390475122793,14.90405297212726
ord_945,1,prod_7,113.49127888986841,16.42931390193141
ord_211,1,prod_26,409.0247442634237,44.49614804725317
ord_492,1,prod_11,150.87231070999263,9.030471094233981
ord_679,1,prod_0,371.14981738934426,37.191385185300035
ord_38,1,prod_42,198.61770331601537,17.201401402126464
ord_368,1,prod_39,270.5044775158127,39.2147699631862
ord_756,1,prod_41,52.62718391331377,37.50851230085951
ord_150,1,prod_10,106.98826930386059,5.332635564993186
ord_110,1,prod_38,479.4545424892326,27.91109358147196
ord_479,1,prod_42,447.2662656545187,11.269376707012086
ord_435,1,prod_30,333.0920532315441,43.98021637604045
ord_46,1,prod_16,240.62940674515394,44.2213647288083
ord_574,1,prod_32,344.3654205897074,23.825561337219114
ord_736,1,prod_31,316.93293876509074,24.997802830298625
ord_365,1,prod_28,292.9050826902138,18.647732273203722
ord_68,1,prod_20,48.40499449450007,37.2472834532014
ord_298,1,prod_20,323.7452531175233,21.13976133619066
ord_943,1,prod_39,389.08162139416083,17.05066135351852
ord_801,1,prod_22,497.1591942298762,24.45039767770287
ord_295,1,prod_5,25.317705245268645,9.116938327435642
ord_202,1,prod_21,370.4832575891248,38.59714420898917
ord_60,1,prod_49,294.45887164927063,5.566838057230413
ord_945,1,prod_37,228.34504451885923,34.00182776842672
ord_962,1,prod_36,81.23368379425801,13.228903703969259
ord_829,1,prod_44,216.3608713447406,15.45818207964859
ord_313,1,prod_7,190.10104783334495,33.6034399388018
ord_160,1,prod_40,165.35834670979625,49.68245596023082
ord_330,1,prod_48,370.8222191946597,39.99728700826478
ord_527,1,prod_34,356.3482502164466,15.16278345005264
ord_337,1,prod_10,302.72964367083756,12.921113976851021
ord_605,1,prod_23,470.5591103808187,43.980479162045164
ord_303,1,prod_48,187.93010440681013,24.988277656467694
ord_502,1,prod_20,137.0249301008862,11.167376127266996
ord_649,1,prod_1,334.8335902872318,43.799514049487215
ord_337,1,prod_39,115.43074924995341,41.72415588114176
ord_549,1,prod_18,171.2050434480438,49.27578637537236
ord_638,1,prod_38,127.80917123594472,45.938465902070774
ord_274,1,prod_27,53.193712504880594,43.33056523972437
ord_163,1,prod_16,417.1993959851232,7.365847901495142
ord_442,1,prod_5,142.17946060239737,9.698691627415311
ord_318,1,prod_18,247.05320160464993,30.604243743685526
ord_588,1,prod_37,40.79133116206974,28.91656608268194
ord_503,1,prod_27,355.68294380126866,25.608344652029096
ord_685,1,prod_1,178.6692811070196,22.85551964365629
ord_386,1,prod_37,377.4736293580208,24.4044718188948
ord_969,1,prod_36,217.95346902457572,30.618407036065786
ord_869,1,prod_3,113.96269107469982,5.093443292003654
ord_832,1,prod_21,266.32403949537724,16.73189483597835
ord_887,1,prod_25,82.6421886259711,28.322587430991998
ord_602,1,prod_48,231.45879673903747,37.49972444031408
ord_749,1,prod_42,172.30662916183354,12.837051157792835
ord_775,1,prod_35,457.7406004158239,29.609652820434484
ord_690,1,prod_12,49.245786425945575,37.15068577486018
ord_493,1,prod_31,353.12835877075617,25.00824460612571
ord_489,1,prod_16,107.72055967396923,6.218651015152297
ord_720,1,prod_40,173.14163567947512,25.21706713095365
ord_72,1,prod_35,219.44675026979166,18.34001994848689
ord_508,1,prod_45,455.84724289998763,46.83423234655977
ord_389,1,prod_18,136.43756771543607,10.607602355524731
ord_618,1,prod_34,63.828225221441706,34.36141799782544
ord_856,1,prod_45,172.97100991545133,7.372389485052552
ord_294,1,prod_39,70.24446585705601,25.07766970157134
ord_368,1,prod_27,81.7263132610652,29.929076924903626
ord_955,1,prod_0,295.4482870280128,18.407971909258947
ord_795,1,prod_41,49.232927887756794,25.478403598417298
ord_864,1,prod_17,34.8468230689117,12.359920753858432
ord_693,1,prod_47,362.91876870583894,18.685573226061628
ord_548,1,prod_39,193.59060552370136,32.949784620959136
ord_648,1,prod_32,80.18016763225917,18.58100251375198
ord_849,1,prod_11,141.73413001265996,45.48843852839923
ord_567,1,prod_7,328.20152352915153,33.27831309384454
ord_186,1,prod_23,152.25755222760856,24.7392058296193
ord_852,1,prod_15,257.37014005779577,6.744062099938211
ord_769,1,prod_49,78.41374722880269,27.479675084210207
ord_444,1,prod_3,302.28494605061456,39.41493089562901
ord_569,1,prod_37,171.71728824476676,16.950091910558612
ord_362,1,prod_43,320.94484857378393,41.30481063419453
ord_122,1,prod_26,408.029543505931,16.331304472289666
ord_187,1,prod_8,313.5902813071964,42.06858745778602
ord_741,1,prod_46,161.95883004560991,8.837075372525483
ord_679,1,prod_15,142.7569767431842,43.97826689910633
ord_419,1,prod_11,177.16206019205504,27.463390291999872
ord_625,1,prod_30,99.01784635352232,18.34419153291179
ord_251,1,prod_23,106.96248840800963,16.930096268681694
ord_618,1,prod_13,399.5317289120806,24.44047515186632
ord_548,1,prod_44,204.67163672357358,49.957227414664025
ord_334,1,prod_24,229.2776866738812,14.914732704691215
ord_91,1,prod_33,305.14374347206933,9.644749199554983
ord_529,1,prod_2,303.03367767274284,31.326582592339786
ord_865,1,prod_23,52.340898330524354,26.984410989811572
ord_62,1,prod_41,419.1395774420795,28.58883219784883
ord_661,1,prod_8,105.11674554749092,35.01209379007477
ord_511,1,prod_25,367.07438530384104,17.02148314417922
ord_138,1,prod_19,390.88207430152,45.97992479227498
ord_697,1,prod_39,363.15177636383055,24.605242975503067
ord_184,1,prod_9,297.9092703459897,10.80887878141078
ord_204,1,prod_18,27.012318612263773,38.40344405302749
ord_771,1,prod_2,192.98023633432192,33.939695867803266
ord_213,1,prod_23,310.32292609403896,19.20845311178167
ord_255,1,prod_4,205.97662204281858,32.968342581532184
ord_134,1,prod_2,434.47034955815025,14.89378803660396
ord_572,1,prod_26,168.22509216781538,25.01777117032383
ord_874,1,prod_15,160.896700380157,45.47356349752964
ord_821,1,prod_48,147.67889268447584,11.009040492233723
ord_87,1,prod_14,179.73481710118185,22.40134024943579
ord_835,1,prod_34,287.55438287080983,41.951409112415625
ord_987,1,prod_11,359.3673412508436,48.62709047327802
ord_206,1,prod_40,338.03260051461683,25.426676138980817
ord_128,1,prod_43,407.7045535911102,27.814982906450634
ord_822,1,prod_25,445.23871783876393,30.747738280269637
ord_2,1,prod_46,411.71794032480864,46.95566637351699
ord_973,1,prod_33,29.093793619690196,43.61930559396634
ord_933,1,prod_22,373.2406177049546,12.677050607973996
ord_753,1,prod_30,120.03179533679918,24.654101803118376
ord_120,1,prod_49,83.80546049983167,25.880019268839185
ord_384,1,prod_19,326.47461670358507,40.509325024194055
ord_613,1,prod_11,173.47673379569355,32.13017971724459
ord_37,1,prod_22,47.416238417812764,34.43992079130558
ord_340,1,prod_3,86.06227251121345,49.91899584495279
ord_924,1,prod_22,20.44612009758131,8.373201956150588
ord_644,1,prod_47,453.5473411254595,15.035442059017985
ord_713,1,prod_47,31.816632243794523,23.355317181719606
ord_859,1,prod_0,120.53876936456531,20.650208137199925
ord_20,1,prod_24,219.80613473019554,5.974050260614262
ord_241,1,prod_1,191.15423645639316,9.129992291202912
ord_454,1,prod_29,457.62842091813235,35.642898113160925
ord_962,1,prod_2,39.338693952580215,44.56960085131523
ord_620,1,prod_20,265.86305968498476,28.140215506968993
ord_302,1,prod_24,346.6301420116995,29.263598578113484
ord_595,1,prod_19,467.215027366961,16.479204477457074
ord_594,1,prod_48,317.7782010193861,39.55443636351701
ord_802,1,prod_21,405.8025132856461,38.83075643152654
ord_963,1,prod_20,60.18797016576723,31.47645601479455
ord_68,1,prod_32,205.25096524972514,14.569892893010428
ord_128,1,prod_37,199.4946245499524,9.365819820669024
ord_195,1,prod_14,445.41834389874447,7.890735913570666
ord_139,1,prod_45,92.65816220637197,31.6713229989295
ord_443,1,prod_14,92.90536272158252,42.126589361426
ord_282,1,prod_45,177.70791194518327,43.624869430141615
ord_311,1,prod_24,46.143702736082034,25.86299334545524
ord_745,1,prod_20,107.57985951319523,40.29220846880226
ord_534,1,prod_23,483.3006265019529,47.609608835346066
ord_664,1,prod_4,225.52829113624296,17.38265506196306
ord_276,1,prod_5,323.3692200427695,22.908215587134073
ord_60,1,prod_48,368.5334044854257,46.91655466685063
ord_318,1,prod_42,196.14147536345624,20.22039352927782
ord_889,1,prod_47,90.66899571704815,46.12443306448083
ord_51,1,prod_43,119.1588877864548,49.14701880145096
ord_855,1,prod_46,170.36790875869298,34.78148278584911
ord_152,1,prod_22,325.3128417690683,41.76006302768757
ord_748,1,prod_3,211.1746635627461,38.729550389948834
ord_310,1,prod_26,23.271054992061497,36.47904159269857
ord_813,1,prod_17,271.2354488323865,18.811898284155465
ord_543,1,prod_20,462.3264281155606,7.569245205857467
ord_566,1,prod_27,409.79725328416595,20.437327963384277
ord_863,1,prod_34,416.10145820462293,35.01211933417579
ord_388,1,prod_21,401.62784845094296,9.613813920251062
ord_547,1,prod_39,175.39079629300335,5.536309234020894
ord_621,1,prod_22,387.29304020210816,11.28615676713224
ord_176,1,prod_2,88.71745174937263,37.20811668848579
ord_361,1,prod_39,335.7037506924577,48.77571657453998
ord_313,1,prod_49,327.9529120087973,49.237911482666924
ord_806,1,prod_9,32.27350356307264,27.229061711308457
ord_847,1,prod_24,398.22566412364716,44.12085354465563
ord_96,1,prod_48,453.55909044566266,38.157190508817685
ord_880,1,prod_7,148.3593336666117,27.546810664307156
ord_212,1,prod_10,409.9475476093524,30.774223982978906
ord_828,1,prod_4,59.55486649373513,11.175221597759197
ord_136,1,prod_44,307.9845719653117,47.19476572774664
ord_5,1,prod_36,253.11049536045303,20.836839682929956
ord_108,1,prod_44,282.04329598832,25.07671654057263
ord_546,1,prod_37,464.57849690448563,35.22471039490544
ord_38,1,prod_28,438.2313186784897,20.025611218694927
ord_661,1,prod_4,396.8401554750834,16.441662244501874
ord_424,1,prod_8,151.37525968561806,33.397222697159926
ord_629,1,prod_47,457.672941769324,6.1242837026832255
ord_260,1,prod_1,66.80369238266012,37.43263004120055
ord_425,1,prod_0,429.59802394821816,28.13105164444294
ord_86,1,prod_39,177.51683472973173,32.258917873442044
ord_464,1,prod_29,45.81070959775202,33.43460716610983
ord_75,1,prod_10,341.2913524355592,28.717257042165368
ord_470,1,prod_27,131.01436559165862,31.21401998483312
ord_975,1,prod_43,136.91414041502333,35.77046904004436
ord_962,1,prod_11,166.9026397898103,38.89034812308534
ord_413,1,prod_38,50.56868840120803,37.73535760787542
ord_824,1,prod_25,105.02102921516195,44.13274059795177
ord_894,1,prod_12,22.467021241068945,13.524954492533125
ord_725,1,prod_7,233.79657013077767,23.05165862713089
ord_456,1,prod_27,60.44258116062622,47.650822970650566
ord_284,1,prod_29,347.6732504212155,22.846575847384837
ord_238,1,prod_8,133.09896857199124,10.619153460766519
ord_676,1,prod_38,472.91558913688505,28.645030686298078
ord_598,1,prod_30,438.2007811513532,9.927093764950797
ord_652,1,prod_20,158.93162958473997,14.128395742753934
ord_671,1,prod_46,395.9434182352058,49.924344045693054
ord_557,1,prod_33,405.557554239107,29.36131872782594
ord_371,1,prod_30,493.550294774917,17.782627506819306
ord_494,1,prod_24,306.9631936859288,49.76487295582577
ord_623,1,prod_11,59.34355262895785,48.49515133498144
ord_918,1,prod_0,330.48186988466284,24.83325684879186
ord_44,1,prod_21,319.9902792204969,16.718139895455877
ord_400,1,prod_39,326.40827716180723,42.72798371414855
ord_246,1,prod_36,167.42991109002153,37.20293226373036
ord_615,1,prod_46,432.6462008385598,35.912364575157966
ord_596,1,prod_0,480.5466478185977,45.19011835951127
ord_449,1,prod_0,124.50200622951273,36.02377102420961
ord_484,1,prod_41,62.31303590558934,17.770907436869713
ord_645,1,prod_41,113.37681592087236,36.22384228440795
ord_619,1,prod_20,413.865026842745,18.761608007764877
ord_17,1,prod_14,344.7894247135268,39.165754084564774
ord_605,1,prod_16,325.30272432278076,32.888653452120465
ord_661,1,prod_21,212.86070485252375,8.483519839313775
ord_757,1,prod_37,297.35742632548914,28.077591309581393
ord_288,1,prod_34,167.77958013169635,20.44854361380834
ord_413,1,prod_44,249.05603812062142,19.785678472953244
ord_720,1,prod_15,400.67025361791485,32.101533606976574
ord_637,1,prod_7,490.99596677862183,19.50461710112412
ord_234,1,prod_46,467.5946833231049,39.96021866921927
ord_415,1,prod_16,468.25565256619944,8.18561462050285
ord_937,1,prod_16,213.06739272661395,34.717471357812144
ord_498,1,prod_25,245.01914264325964,41.41376616455336
ord_973,1,prod_12,358.70499025711115,35.27742604641935
ord_633,1,prod_16,462.65212546461646,27.37531377589981
ord_649,1,prod_37,88.15724448900063,47.763815618128156
ord_114,1,prod_16,166.03609463705396,18.497232040912863
ord_931,1,prod_47,86.83848540517258,5.862554938624
ord_673,1,prod_13,313.76409438053855,24.439521715854838
ord_712,1,prod_44,167.02447850601803,6.485537115514726
ord_233,1,prod_5,176.53176920603525,47.927153863688396
ord_539,1,prod_34,54.03966055423004,14.446312058662318
ord_10,1,prod_45,187.90210966764414,40.50171607769958
ord_205,1,prod_13,433.99832355276095,39.85574374284642
ord_678,1,prod_46,131.87494970760076,14.797800485732008
ord_246,1,prod_7,353.68998378083154,32.95519387160753
ord_558,1,prod_14,322.2216055705245,7.16355358189026
ord_757,1,prod_26,434.4726120171754,26.760856356674037
ord_126,1,prod_12,83.49821487249835,5.659120727261903
ord_146,1,prod_48,489.24318096562075,46.45147460813788
ord_117,1,prod_30,299.66175009937547,48.923871088980725
ord_910,1,prod_34,497.8275931264709,15.002724498736336
ord_381,1,prod_5,457.52706841560837,14.364771556836775
ord_411,1,prod_4,126.32829061429078,38.917407945295835
ord_663,1,prod_21,46.95776475359029,16.40207294732005
ord_583,1,prod_48,142.70676502177355,45.27844516228303
ord_362,1,prod_22,273.23055151972153,30.8268111255342
ord_508,1,prod_24,102.3662561912912,20.784993035464048
ord_136,1,prod_33,100.38067736863448,42.4712185857239
ord_174,1,prod_25,242.04490261047349,27.203301518602782
ord_288,1,prod_46,35.96862616129204,46.0234811168814
ord_957,1,prod_4,78.50627961548982,46.76064065282215
ord_480,1,prod_25,219.61344291581483,12.44390684577842
ord_18,1,prod_19,50.3023564198239,5.104553275936862
ord_194,1,prod_5,210.4424270986541,49.2768923064081
ord_329,1,prod_5,247.52300765525365,45.77618912573657
ord_935,1,prod_49,236.60797475509492,7.495035606672864
ord_174,1,prod_17,437.2039315534819,42.486541877348145
ord_448,1,prod_3,274.4299784248316,25.6012219651643
ord_924,1,prod_16,244.63062198946082,16.653272226123885
ord_945,1,prod_13,217.1404377879998,44.54359356546184
ord_353,1,prod_13,412.4592215861534,13.850025457563827
ord_498,1,prod_12,449.6271699199199,47.62849997390301
ord_140,1,prod_6,429.5563852146164,14.252966946470348
ord_757,1,prod_43,343.3023575030676,32.61574344779346
ord_896,1,prod_14,85.93363806496363,15.038885053803869
ord_929,1,prod_18,152.89758535616588,29.555089923588564
ord_92,1,prod_42,42.11027056734917,35.77888084618136
ord_943,1,prod_46,466.79555599525474,13.56025688690619
ord_238,1,prod_43,337.183294251637,28.439860221530566
ord_204,1,prod_34,378.25418447035594,26.107688497555355
ord_559,1,prod_16,169.5544349994699,8.196683963150356
ord_432,1,prod_34,425.91369069312435,41.823851795388634
ord_244,1,prod_18,144.6095761800697,20.10570802892788
ord_831,1,prod_19,20.78900341397585,30.85619888983458
ord_316,1,prod_35,200.6791820099331,28.165290571991047
ord_924,1,prod_34,293.96551086035527,28.0967227056699
ord_294,1,prod_31,249.77833182345083,9.825007739381935
ord_639,1,prod_47,433.79654843676656,24.056690416219976
ord_855,1,prod_43,70.59453725896013,25.35650416429566
ord_281,1,prod_39,285.83525150418825,38.013927816400184
ord_16,1,prod_23,266.23008791403555,42.80084743643143
ord_70,1,prod_16,155.06863144263826,29.52420251450081
ord_268,1,prod_6,414.6694940369651,8.905232932924571
ord_324,1,prod_42,381.36735482345904,15.658226176844583
ord_793,1,prod_49,371.77240991927886,12.422031208372898
ord_304,1,prod_0,440.5723895693869,10.607677843510613
ord_450,1,prod_34,366.93660829833016,21.46546843780134
ord_6,1,prod_31,131.2838200230687,15.322707596947192
ord_313,1,prod_35,358.67010159185173,14.823640031518053
ord_816,1,prod_12,167.69735042712506,7.461192855932044
ord_102,1,prod_5,136.24383216678586,5.795152015794525
ord_820,1,prod_13,55.041724591821115,9.624570919240181
ord_192,1,prod_36,377.1337185668848,12.748886574063487
ord_752,1,prod_47,361.2804617359094,24.394267798169142
ord_573,1,prod_14,132.559749283565,27.97341175844801
ord_528,1,prod_46,379.7019280275949,11.326636317801452
ord_170,1,prod_3,460.56362388490544,24.115250368588384
ord_536,1,prod_39,71.85389959595804,20.37869790466673
ord_250,1,prod_15,131.66558642565198,13.254063957408022
ord_764,1,prod_27,380.1251811619114,5.30783366667636
ord_386,1,prod_15,151.76320328339756,26.01580399347838
ord_206,1,prod_3,319.83870765618406,35.85432871693397
ord_540,1,prod_44,58.95882774258297,15.182480036471317
ord_628,1,prod_25,237.05718996969858,10.931307345350572
ord_415,1,prod_27,374.7638825566175,44.916923500113285
ord_793,1,prod_31,349.5266926607612,17.3761147619509
ord_379,1,prod_44,411.2346083243873,15.062567890669914
ord_143,1,prod_1,441.17702076952105,43.569362282446214
ord_24,1,prod_30,391.12808060420394,41.76981946250426
ord_821,1,prod_2,342.3621166106845,25.175591173608513
ord_667,1,prod_7,35.22679607169495,27.015748764249853
ord_72,1,prod_23,276.7840032365331,14.798691717530989
ord_631,1,prod_14,38.094907959129344,8.523575171580088
ord_823,1,prod_42,407.87255221569086,30.80443214100475
ord_832,1,prod_30,173.94777174077964,9.425521471559591
ord_92,1,prod_8,289.96609957660206,25.217354613049242
ord_504,1,prod_38,154.13374751307325,47.32237393308548
ord_597,1,prod_44,395.60006930254093,47.877547512676294
ord_335,1,prod_1,445.52121278811325,15.769952894631137
ord_424,1,prod_7,211.3483972222707,33.08510390205445
ord_498,1,prod_6,434.20274888527473,26.333431884853592
ord_363,1,prod_43,148.19600357903954,44.40583074137477
ord_946,1,prod_38,276.6372430762514,17.214388892422395
ord_629,1,prod_41,432.2054863225779,5.166608307458758
ord_744,1,prod_15,176.42304445557937,12.31525426691368
ord_198,1,prod_34,477.9402872374812,20.72852605262291
ord_717,1,prod_29,78.50216085506415,19.207450839671985
ord_412,1,prod_9,28.77203346728299,40.61133136052987
ord_338,1,prod_37,453.9849692375315,35.6252299762477
ord_658,1,prod_17,52.951359750978675,18.480034382670375
ord_961,1,prod_49,496.106814054796,25.598471772479602
ord_936,1,prod_4,476.67049374997094,9.300159678125084
ord_428,1,prod_28,85.77003681743392,45.416590016904536
ord_782,1,prod_38,278.0406203324316,47.094117100184036
ord_898,1,prod_33,108.76174278422928,49.09115909214221
ord_138,1,prod_42,225.51448305445751,44.084877385362695
ord_692,1,prod_44,49.484062044719686,12.828239946330148
ord_941,1,prod_22,127.48380214236298,7.078841744073298
ord_541,1,prod_4,194.3709422714718,31.08185273357033
ord_56,1,prod_29,230.5508001181063,46.06722620973997
ord_231,1,prod_5,489.19820394026874,12.980811274688428
ord_657,1,prod_45,407.775509928311,5.316931158086383
ord_434,1,prod_43,373.9567732697342,41.247322071450995
ord_383,1,prod_3,277.7798310761476,8.45580579290303
ord_559,1,prod_28,423.1989250900848,23.616771435951367
ord_193,1,prod_22,182.87496111474132,35.549930173495326
ord_735,1,prod_5,360.2715741311917,15.655891345528106
ord_647,1,prod_31,497.0163081815226,8.778315355102702
ord_533,1,prod_41,171.0218762888954,39.65095528051229
ord_517,1,prod_17,343.5284167443043,33.35787881991686
ord_715,1,prod_14,425.2711347931436,49.482071801906216
ord_750,1,prod_39,459.5876400083227,20.493861499398168
ord_184,1,prod_31,364.60769165124884,7.7793073830589865
ord_871,1,prod_8,156.1318032402254,38.04575159008831
ord_291,1,prod_36,176.6154327530943,28.478003848396053
ord_334,1,prod_9,29.96385541950282,14.594176912511077
ord_731,1,prod_19,385.22526928232463,40.177804505214176
ord_115,1,prod_5,40.51501090973666,14.168996863247468
ord_824,1,prod_47,435.03313020931796,16.729774467482144
ord_48,1,prod_2,76.95709494777861,9.16378494650236
ord_684,1,prod_41,102.50072582524365,22.97445255638845
ord_81,1,prod_10,248.73270599947392,23.85181507718385
ord_833,1,prod_42,374.1825992809963,28.15528056567343
ord_332,1,prod_16,86.72105849555729,36.90339202056998
ord_556,1,prod_31,231.23411603191926,45.77454179061916
ord_334,1,prod_3,251.7686117168503,11.198034449951388
ord_531,1,prod_3,121.89710800092384,7.445664425689568
ord_959,1,prod_16,75.46802080670324,5.833905511744998
ord_220,1,prod_40,421.48204303310695,11.462962013096732
ord_634,1,prod_18,261.18351188612746,34.607726860173166
ord_745,1,prod_4,26.902993272393427,37.73646850984235
ord_732,1,prod_31,405.43102462836987,40.392757108765494
ord_322,1,prod_21,490.7810265990007,15.96686953569542
ord_850,1,prod_5,310.8445737988387,18.765266596768395
ord_2,1,prod_34,261.78002580035394,26.741059050447475
ord_693,1,prod_21,441.6396142615816,7.843239358710193
ord_205,1,prod_0,477.20805904860737,32.50136854450608
ord_831,1,prod_19,382.177719633181,49.2680765154091
ord_39,1,prod_21,233.81740627245816,21.236284012010117
ord_58,1,prod_47,304.2662716790914,38.87813637911228
ord_950,1,prod_10,356.44897520863964,27.50152620063236
ord_573,1,prod_12,113.25131408086469,10.751532996217222
ord_643,1,prod_41,234.65649546389025,31.200685196116385
ord_506,1,prod_2,418.3142070642968,18.49434207998292
ord_571,1,prod_8,334.2681672792526,6.5481443804056205
ord_883,1,prod_11,217.37795226168996,33.57183785529847
ord_842,1,prod_22,338.4140163270471,43.651955719612744
ord_121,1,prod_13,76.74675779478073,20.514639510494337
ord_478,1,prod_32,212.71885307114064,22.56329962457467
ord_618,1,prod_17,400.70169822226705,45.09597573352452
ord_95,1,prod_48,125.84421782559104,41.61239660153102
ord_858,1,prod_40,109.26152362756049,37.17287705982997
ord_413,1,prod_8,476.3929567598871,16.195867868891657
ord_234,1,prod_22,120.75086220139073,45.959749473499
ord_897,1,prod_9,145.24091823208067,11.948709089264586
ord_61,1,prod_18,485.4156506740822,33.20467337377498
ord_255,1,prod_46,372.6601137272123,6.2960531245933415
ord_560,1,prod_4,355.8063358512935,33.967391284622565
ord_904,1,prod_46,429.404664250199,17.471495834301194
ord_347,1,prod_22,75.59507947366126,25.2354639732674
ord_670,1,prod_29,358.8589935584034,20.536904842567388
ord_123,1,prod_24,261.77053247755464,12.774054031079444
ord_481,1,prod_27,417.9923073363871,32.98913555422433
ord_316,1,prod_33,263.90802495929324,44.68889998132733
ord_503,1,prod_44,317.7158500490778,48.158790902708155
ord_718,1,prod_47,249.31622067177724,13.655586341926178
ord_47,1,prod_46,249.51628330680518,37.281774832833804
ord_408,1,prod_24,388.62558946967914,34.895271497255706
ord_931,1,prod_9,321.7118723106959,20.452000530855763
ord_135,1,prod_13,323.966336772517,5.859463970917663
ord_200,1,prod_41,236.1355922391324,36.040606129078974
ord_249,1,prod_45,274.9325582420132,47.54726872517751
ord_313,1,prod_29,377.94447977829793,33.44540548620431
ord_868,1,prod_40,416.45164117372076,24.588172588443534
ord_367,1,prod_24,354.34947302914213,28.631925235023278
ord_428,1,prod_13,463.5550346459279,13.983296344696289
ord_829,1,prod_34,413.75556231065644,38.77448736891819
ord_806,1,prod_47,289.6946191085689,38.5888923504432
ord_479,1,prod_33,342.2749148689937,11.548278517434122
ord_313,1,prod_9,464.6279729221741,44.50902721248466
ord_499,1,prod_34,317.200661236668,17.113538276298737
ord_720,1,prod_10,415.90733503031873,49.20152274214767
ord_354,1,prod_10,350.6290417231938,22.230635631676062
ord_484,1,prod_20,284.9294533090239,13.004782643052483
ord_210,1,prod_20,136.0823337993695,20.82740501055435
ord_703,1,prod_21,224.4788093448455,24.80811479137369
ord_43,1,prod_44,484.5165559201835,8.118849786723267
ord_540,1,prod_6,335.727383970848,31.019827155048027
ord_570,1,prod_16,290.909782562715,31.893459794100515
ord_582,1,prod_1,467.8191802535491,38.25187049072625
ord_91,1,prod_11,301.5256548979754,6.312645153083448
ord_264,1,prod_41,272.5196088403534,29.355719649522356
ord_894,1,prod_17,384.4692104720985,7.380834497179897
ord_219,1,prod_10,362.0794971135413,36.551489898499405
ord_901,1,prod_15,112.7168040360477,7.507759356544302
ord_924,1,prod_48,246.22797179557816,46.02775317537347
ord_441,1,prod_17,246.80741255340092,36.593715509802344
ord_400,1,prod_34,201.5477673168055,27.83253942883207
ord_399,1,prod_25,268.3008714330815,24.867676547652874
ord_726,1,prod_15,218.29155090902924,10.880268368596807
ord_990,1,prod_5,115.6858349461679,18.09497253040984
ord_898,1,prod_43,217.9359138918469,44.10315972594033
ord_788,1,prod_42,54.69293483512477,45.700376520312226
ord_575,1,prod_46,296.37721413171755,5.033646876673898
ord_857,1,prod_46,429.7541834917337,31.736137616489806
ord_803,1,prod_47,368.1378004901865,37.36852740613011
ord_489,1,prod_41,192.9891392259734,32.84361421059228
ord_484,1,prod_11,61.79417867710793,8.675589418985929
ord_756,1,prod_12,117.03171162812995,14.7976204459506
ord_469,1,prod_3,281.83536343752115,16.26531203216237
ord_573,1,prod_38,119.38740002385578,42.427608408729036
ord_937,1,prod_1,281.1070934167844,25.84397463390142
ord_843,1,prod_25,131.1675318866715,26.907269537355656
ord_681,1,prod_26,427.48345734851495,47.070187094952885
ord_444,1,prod_26,210.69030696342065,33.6688649984622
ord_268,1,prod_14,137.86430045335572,45.44004656986987
ord_266,1,prod_7,409.91656651858955,25.542898490368984
ord_53,1,prod_6,184.56270310661634,11.724631633323241
ord_527,1,prod_46,73.51409016261533,46.84710173333386
ord_519,1,prod_45,293.796555873748,25.64173020503922
ord_615,1,prod_39,299.1508181302346,13.173413984546984
ord_58,1,prod_11,363.0539241131524,18.6078083136765
ord_824,1,prod_12,135.30532794002508,7.286116536002401
ord_39,1,prod_42,233.01024276427765,26.073526615537332
ord_236,1,prod_16,155.536601140475,43.390767735960644
ord_954,1,prod_16,58.8577933355303,47.01112052030102
ord_385,1,prod_35,440.774636967628,46.96709933766397
ord_605,1,prod_20,369.8575061544038,10.635351153293604
ord_733,1,prod_7,164.70226854022434,22.192424712997564
ord_715,1,prod_4,307.69903657855343,6.270294184281786
ord_649,1,prod_25,116.60661830454677,43.48244052371628
ord_299,1,prod_15,447.31357846197005,21.14400929095732
ord_394,1,prod_35,75.15504481371694,33.40026625515057
ord_206,1,prod_27,21.84182984374443,37.170429713477986
ord_335,1,prod_28,260.9639349148074,24.343010138441993
ord_592,1,prod_46,299.90135525737725,18.789905144760937
ord_729,1,prod_11,297.9033537419861,48.29958095521751
ord_513,1,prod_36,46.16572517015662,48.401970126073444
ord_177,1,prod_29,170.7410273208476,18.024636561350988
ord_395,1,prod_22,259.61549448383926,26.583129353500613
ord_370,1,prod_15,123.95800910107562,48.777987139701004
ord_857,1,prod_13,438.8604250332303,5.219078344497645
ord_790,1,prod_9,61.81245894148834,23.570521177061714
ord_657,1,prod_6,253.9445320025806,9.52058973564358
ord_317,1,prod_44,351.879707606313,27.912108450317117
ord_735,1,prod_36,145.64052806455157,6.1101479543219215
ord_368,1,prod_28,319.6355537588087,23.310429412578255
ord_383,1,prod_2,418.1048720683398,14.931458365340081
ord_61,1,prod_14,111.36174804562282,28.998876310643336
ord_805,1,prod_35,460.26588407593414,49.81971420953148
ord_504,1,prod_46,285.70809567793185,41.02412473070365
ord_238,1,prod_45,163.63136206450906,43.053894123098964
ord_194,1,prod_18,226.81197218348996,33.586924431158636
ord_677,1,prod_12,169.8521042174662,6.870193172251636
ord_962,1,prod_41,368.0533567679917,14.305895421986484
ord_221,1,prod_20,402.22431843926347,46.627905040117476
ord_60,1,prod_36,419.8099483129573,21.475090306793806
ord_128,1,prod_26,493.1687598011558,9.6636526916358
ord_989,1,prod_28,399.8164603984081,36.608241463979084
ord_684,1,prod_19,308.6643539305104,18.47559757704146
ord_991,1,prod_24,182.82574322805624,17.098561080687723
ord_155,1,prod_5,281.4058153811597,49.908985500121716
ord_916,1,prod_35,39.7127229393946,43.61625162619944
ord_377,1,prod_1,377.51603625435826,23.357201826552846
ord_621,1,prod_21,234.05866164420885,49.111754351742455
ord_780,1,prod_31,29.611150271450057,34.255095053864615
ord_922,1,prod_15,50.003331924997184,38.39101033458921
ord_867,1,prod_17,205.98390263444318,6.418086938699521
ord_902,1,prod_4,300.04232912884885,10.47223667066257
ord_789,1,prod_35,242.8178954970208,33.48883069233072
ord_585,1,prod_29,317.2180723002343,45.45607921922677
ord_998,1,prod_44,250.54124421985077,33.068467673941804
ord_436,1,prod_18,337.61784583104645,11.03112024435463
ord_974,1,prod_22,125.18051104198442,10.209202081084609
ord_206,1,prod_33,74.16472984813828,42.98836531208367
ord_387,1,prod_12,306.2882982203168,11.268605241856143
ord_479,1,prod_42,252.65096812942758,28.410438222681144
ord_790,1,prod_28,32.89647394156894,6.670099398303602
ord_886,1,prod_35,202.6313050366572,8.630139532602982
ord_837,1,prod_21,70.94028103567783,35.25567204392892
ord_983,1,prod_46,275.05127924129374,36.01316346923825
ord_339,1,prod_35,209.97328623700676,20.366123297379907
ord_868,1,prod_8,314.3129173294486,14.702439435937015
ord_339,1,prod_38,406.6890650097144,41.61696218407886
ord_203,1,prod_18,163.8409682439156,14.769645326145065
ord_160,1,prod_37,481.80900999921323,29.391218134987085
ord_539,1,prod_5,277.1045602820357,48.569397838830746
ord_391,1,prod_46,316.7795834022982,11.65335970380727
ord_768,1,prod_14,346.72273914835375,47.3394320372619
ord_676,1,prod_19,340.0311343316431,13.230187388090089
ord_574,1,prod_8,265.2659566616298,30.53494436104533
ord_533,1,prod_31,225.80685973504808,21.965347038143506
ord_69,1,prod_3,45.8153428051414,48.421787067582166
ord_892,1,prod_49,30.601205744566276,17.30939130508716
ord_404,1,prod_17,191.82137337572703,22.984610093858915
ord_607,1,prod_4,180.15722750417245,49.228705303493925
ord_674,1,prod_19,206.09367432272325,29.141167603481293
ord_590,1,prod_22,86.41673642633121,27.61835520295641
ord_516,1,prod_10,374.3207698576849,16.60003196917961
ord_827,1,prod_36,431.3429190925947,36.56136021396986
ord_119,1,prod_21,470.5830249795368,5.646782829999994
ord_813,1,prod_3,256.3339056894204,7.228068336603209
ord_689,1,prod_28,356.41553558020576,31.971136421111122
ord_687,1,prod_43,430.66453924921876,20.375355821830436
ord_901,1,prod_33,220.77973332487323,47.899236749043226
ord_216,1,prod_12,168.5181415378133,45.64358108252536
ord_55,1,prod_41,469.6277868096753,37.116781640451826
ord_365,1,prod_8,267.5247445169951,41.81655115075106
ord_698,1,prod_41,258.68186556362144,35.0299332350462
ord_503,1,prod_30,105.63972635047797,10.65119462195723
ord_743,1,prod_6,71.91440699521124,39.44945163601412
ord_766,1,prod_3,424.2112939920856,14.458638592348088
ord_924,1,prod_18,314.78392457000865,19.554928479508852
ord_454,1,prod_41,176.39580032933537,41.86553954460891
ord_103,1,prod_29,112.03338434732791,29.14365237770517
ord_76,1,prod_30,286.63869448142304,43.697332138253415
ord_229,1,prod_34,300.28125884534495,14.586589392946888
ord_913,1,prod_20,119.35692859762793,32.350029737309924
ord_257,1,prod_30,428.67475898790747,8.770593764671773
ord_263,1,prod_18,60.44689575480852,33.937744709301334
ord_330,1,prod_30,190.9246808798824,39.31403169989906
ord_992,1,prod_31,346.58451860601065,31.321890229042474
ord_181,1,prod_1,151.57777463321634,16.98041756744646
ord_892,1,prod_9,417.2840934950105,6.410420098649002
ord_767,1,prod_1,375.1365567681937,10.37519977839286
ord_549,1,prod_1,398.73096538310443,33.00363405833118
ord_687,1,prod_23,77.17113722082381,47.048909757913115
ord_26,1,prod_16,87.4626214378606,14.294048178740288
ord_275,1,prod_31,157.50739411740014,38.076176709729445
ord_651,1,prod_15,268.67703929482934,43.99029784620687
ord_298,1,prod_15,379.04771681571316,28.439698030137997
ord_956,1,prod_45,421.5348275652337,35.1169608129646
ord_798,1,prod_38,358.0809516594466,41.675689250426665
ord_90,1,prod_30,465.72650313470643,16.73038209832671
ord_479,1,prod_42,374.59688461564656,18.360305342061935
ord_572,1,prod_23,167.00858576221506,5.028238248280528
ord_457,1,prod_0,147.23901648251484,48.33923589040111
ord_450,1,prod_10,354.1723761445231,46.289520256835516
ord_364,1,prod_20,112.57787297101486,39.405571869174366
ord_858,1,prod_3,64.50310918892954,8.558420943949166
ord_674,1,prod_6,275.4669799309731,25.137630036477866
ord_350,1,prod_25,414.3879534938985,9.585128928719875
ord_654,1,prod_46,68.6623243855345,5.716412026825937
ord_399,1,prod_49,400.10783542195,32.728233434566874
ord_252,1,prod_11,409.55456208874307,48.237323768608476
ord_780,1,prod_30,251.49152003914088,45.62906105444676
ord_880,1,prod_16,47.50894880503367,36.35396667209319
ord_802,1,prod_32,103.80312859864947,9.348826287419215
ord_458,1,prod_10,359.56461207772753,17.337381695253505
ord_698,1,prod_27,361.65341359565576,19.402552709838094
ord_916,1,prod_31,451.21053208047937,39.34175259855026
ord_498,1,prod_0,299.6893503461998,41.10121306558013
ord_949,1,prod_46,79.57153650261316,22.329775534546418
ord_970,1,prod_27,78.27915464238663,23.804779847792435
ord_925,1,prod_41,366.14353153127536,7.00290676742771
ord_507,1,prod_6,108.21663925179254,18.011152328844243
ord_303,1,prod_1,177.62503981597058,25.307832972993797
ord_500,1,prod_41,253.86176332251867,10.264237087336591
ord_802,1,prod_23,31.887141236552576,25.39703573397596
ord_597,1,prod_3,139.43313296956728,43.39291155160102
ord_165,1,prod_43,215.78701208349443,31.1594458876274
ord_414,1,prod_18,154.225432876739,8.551843476728553
ord_461,1,prod_25,85.4577571844316,13.625209347362345
ord_919,1,prod_10,369.4458837421747,26.35449575713503
ord_113,1,prod_39,410.3108744806328,21.266921741981545
ord_432,1,prod_49,143.58990854898792,21.142715879574443
ord_991,1,prod_42,391.7213574110256,28.817035166461558
ord_355,1,prod_10,205.06571091263064,31.297816471525582
ord_927,1,prod_44,263.2091796099213,40.8587706624286
ord_694,1,prod_2,430.88051594871337,20.34349535581181
ord_206,1,prod_11,379.97776726515576,41.245982736826406
ord_767,1,prod_2,406.4560886317653,20.237505310068464
ord_234,1,prod_41,85.68567996145127,7.494484502355522
ord_441,1,prod_26,53.46532440019015,29.938444295215604
ord_354,1,prod_48,448.8342699622338,31.455604620266655
ord_514,1,prod_1,206.1604493941253,47.05431105298371
ord_207,1,prod_48,158.1822454734468,37.67275967281135
ord_708,1,prod_15,367.8542020456758,46.299769362249776
ord_852,1,prod_1,421.4794863583312,45.875624460935434
ord_124,1,prod_29,433.9950185111844,32.205834961620894
ord_137,1,prod_19,171.67862774010914,28.74929294014014
ord_338,1,prod_37,429.06194777680355,30.084843522361997
ord_536,1,prod_27,39.64829329968579,49.02488634547615
ord_67,1,prod_24,43.83751590066506,39.79254612861315
ord_572,1,prod_31,319.28921368359414,9.781965715657812
ord_540,1,prod_9,50.29105717546219,40.029278305163
ord_382,1,prod_41,175.81240088487755,12.674212200420165
ord_18,1,prod_39,342.9228733985235,25.130774705253156
ord_682,1,prod_32,181.88811010602865,14.470685247944042
ord_449,1,prod_12,106.20789509124604,36.03123794899534
ord_73,1,prod_40,155.04829848984397,44.47893812868661
ord_572,1,prod_41,239.63615948020725,18.066284841500643
ord_938,1,prod_46,248.18521057063154,8.690483354368443
ord_664,1,prod_36,395.84011104665694,18.432189413373347
ord_275,1,prod_15,380.073550127126,35.25628360694875
ord_47,1,prod_44,239.27254618694488,19.794205739950247
ord_210,1,prod_21,425.92032756741025,17.515047539921156
ord_854,1,prod_19,74.83382652387,13.299583576291923
ord_919,1,prod_49,142.56960810987272,27.38823920934951
ord_650,1,prod_42,417.42870248108073,17.417697267073443
ord_621,1,prod_26,201.4371385405535,37.89546571127674
ord_993,1,prod_40,490.9671482210442,8.448008089649122
ord_694,1,prod_15,243.80157513336098,34.881486490009294
ord_539,1,prod_33,400.12909902260674,15.690200655549644
ord_708,1,prod_31,213.10737986353854,27.017566747322142
ord_190,1,prod_25,223.97768914996658,17.874046491406727
